Name,ISO3,ID,Year,Age,Pop,PAR,incidence_rate_all_age_rmean,incidence_rate_all_age_LCI,incidence_rate_all_age_median,incidence_rate_all_age_UCI
Edo,NGA,10312855,2000,all_age,2909109.151,2909109.151,0.365933857,0.174308998,0.367828407,0.592082675
Kano,NGA,10312921,2000,all_age,7907779.089,7907779.089,0.44742776,0.180338684,0.438287276,0.756068146
Bayelsa,NGA,10312967,2000,all_age,2164660.016,2164660.016,0.43233941,0.183667537,0.431327576,0.698536102
Zamfara,NGA,10312979,2000,all_age,3091930.798,3091930.798,0.430831473,0.149502498,0.41300323,0.763515429
Ebonyi,NGA,10313027,2000,all_age,1894038.105,1894038.105,0.453928202,0.240274297,0.450979825,0.691007469
Ogun,NGA,10313043,2000,all_age,2883707.965,2883707.965,0.315962433,0.193891421,0.315561201,0.486785676
Federal Capital Territory,NGA,10313058,2000,all_age,755604.7706,755604.7706,0.481132916,0.250321766,0.484518852,0.665450856
Abia,NGA,10313078,2000,all_age,2396194.357,2396194.357,0.486862312,0.309754535,0.482344808,0.692595214
Osun,NGA,10313126,2000,all_age,2986967.778,2986967.778,0.484187955,0.299564563,0.470079741,0.711160284
Anambra,NGA,10313334,2000,all_age,3693031.535,3693031.535,0.378722934,0.211443817,0.370547127,0.578523971
Delta,NGA,10313483,2000,all_age,3603802.135,3603802.135,0.367616652,0.148897505,0.364768256,0.599490973
Oyo,NGA,10313522,2000,all_age,4993953.292,4993953.292,0.485466156,0.301045681,0.480434726,0.674059977
Plateau,NGA,10313750,2000,all_age,2054013.961,2054013.961,0.448135705,0.251202888,0.433992703,0.681902417
Akwa Ibom,NGA,10313817,2000,all_age,3705029.311,3705029.311,0.506002252,0.323908034,0.497045461,0.718268585
Lagos,NGA,10313859,2000,all_age,8505596.509,8505596.509,0.110810807,0.054684382,0.103842004,0.200803085
Gombe,NGA,10313923,2000,all_age,2119868.555,2119868.555,0.462880096,0.216940109,0.439954287,0.767037126
Kwara,NGA,10314245,2000,all_age,2046111.97,2046111.97,0.509029197,0.260579007,0.511512677,0.731833138
Ekiti,NGA,10314343,2000,all_age,2583740.03,2583740.03,0.478736014,0.228204651,0.477730048,0.713726554
Yobe,NGA,10314496,2000,all_age,1966432.583,1966432.583,0.346600204,0.130364884,0.327876879,0.672574155
Kebbi,NGA,10314662,2000,all_age,2854884.08,2854884.08,0.401276009,0.171196459,0.391621686,0.662917447
Cross River,NGA,10314810,2000,all_age,2751971.413,2751971.413,0.462165243,0.275155834,0.457980478,0.680102446
Nasarawa,NGA,10314878,2000,all_age,1249061.235,1249061.235,0.489058388,0.266612342,0.485999622,0.723911994
Katsina,NGA,10314910,2000,all_age,5080917.663,5080917.663,0.447213359,0.189411362,0.440590814,0.764189256
Benue,NGA,10314912,2000,all_age,3441422.343,3441422.343,0.454171343,0.223281184,0.452462948,0.694042806
Kaduna,NGA,10315174,2000,all_age,5198310.57,5198310.57,0.582158796,0.390150344,0.578164357,0.795560836
Kogi,NGA,10315316,2000,all_age,2964761.383,2964761.383,0.455007165,0.227063047,0.458310723,0.710759948
Imo,NGA,10315365,2000,all_age,3115508.705,3115508.705,0.487289656,0.311607157,0.482531528,0.6886273
Sokoto,NGA,10315512,2000,all_age,3012411.998,3012411.998,0.307570736,0.070056845,0.291961838,0.604342346
Enugu,NGA,10315516,2000,all_age,2901644.314,2901644.314,0.286405438,0.13684531,0.287483268,0.452398617
Niger,NGA,10315577,2000,all_age,3080366.071,3080366.071,0.508841114,0.28425322,0.512731781,0.744614951
Bauchi,NGA,10315631,2000,all_age,4182291.856,4182291.856,0.476451966,0.256532351,0.469232927,0.753203965
Jigawa,NGA,10315654,2000,all_age,3949215.108,3949215.108,0.414745029,0.172348208,0.402996091,0.748198679
Rivers,NGA,10315660,2000,all_age,5422129.993,5422129.993,0.446445168,0.257340174,0.439960895,0.656387156
Taraba,NGA,10315664,2000,all_age,1898815.812,1898815.812,0.381709678,0.209148714,0.378783359,0.613437642
Ondo,NGA,10315731,2000,all_age,2634733.937,2634733.937,0.434866275,0.241548487,0.420949598,0.674648638
Adamawa,NGA,10315851,2000,all_age,2885494.947,2885494.947,0.382083057,0.19355515,0.372655768,0.63459318
Borno,NGA,10316414,2000,all_age,3728722.552,3728722.552,0.302954398,0.136098074,0.282742238,0.554482853
Edo,NGA,10312855,2001,all_age,2991099.158,2991099.158,0.355788656,0.166437135,0.345499748,0.611772606
Kano,NGA,10312921,2001,all_age,8196407.933,8196407.933,0.435271736,0.154198504,0.42352972,0.777397718
Bayelsa,NGA,10312967,2001,all_age,2136866.506,2136866.506,0.422122512,0.183622384,0.41927046,0.694700456
Zamfara,NGA,10312979,2001,all_age,3164899.572,3164899.572,0.418483178,0.137700641,0.406064648,0.753020876
Ebonyi,NGA,10313027,2001,all_age,1955159.336,1955159.336,0.437707208,0.242389508,0.438396963,0.643469369
Ogun,NGA,10313043,2001,all_age,3018898.958,3018898.958,0.303181752,0.189826776,0.299424615,0.445965132
Federal Capital Territory,NGA,10313058,2001,all_age,838137.8729,838137.8729,0.482725258,0.276830957,0.482275862,0.670054844
Abia,NGA,10313078,2001,all_age,2481865.093,2481865.093,0.485168357,0.309947372,0.482152329,0.689826516
Osun,NGA,10313126,2001,all_age,3091307.888,3091307.888,0.459219467,0.264727773,0.447008646,0.681304791
Anambra,NGA,10313334,2001,all_age,3814277.894,3814277.894,0.377332933,0.228398204,0.369841591,0.581206744
Delta,NGA,10313483,2001,all_age,3713806.112,3713806.112,0.362515766,0.144106365,0.360092771,0.586308672
Oyo,NGA,10313522,2001,all_age,5167866.262,5167866.262,0.45824098,0.274182707,0.450849492,0.641819842
Plateau,NGA,10313750,2001,all_age,2201611.693,2201611.693,0.439006273,0.239032712,0.436875842,0.662677969
Akwa Ibom,NGA,10313817,2001,all_age,3816189.108,3816189.108,0.507126169,0.319394345,0.497329705,0.725363335
Lagos,NGA,10313859,2001,all_age,8759268.61,8759268.61,0.111391474,0.04942346,0.104828308,0.19555732
Gombe,NGA,10313923,2001,all_age,2181350.363,2181350.363,0.466881647,0.216894053,0.453100148,0.75478054
Kwara,NGA,10314245,2001,all_age,2103448.536,2103448.536,0.493986161,0.255503911,0.493913676,0.729036435
Ekiti,NGA,10314343,2001,all_age,2589510.178,2589510.178,0.45911935,0.217286576,0.45377253,0.70047346
Yobe,NGA,10314496,2001,all_age,2045171.505,2045171.505,0.342095601,0.109635588,0.32765054,0.675802958
Kebbi,NGA,10314662,2001,all_age,2952530.64,2952530.64,0.401117843,0.151701278,0.407189068,0.689455772
Cross River,NGA,10314810,2001,all_age,2832634.66,2832634.66,0.462555184,0.277260531,0.454703941,0.668163723
Nasarawa,NGA,10314878,2001,all_age,1333942.802,1333942.802,0.486780631,0.280720204,0.479269375,0.715171692
Katsina,NGA,10314910,2001,all_age,5249606.469,5249606.469,0.434977211,0.177551561,0.425461442,0.76712587
Benue,NGA,10314912,2001,all_age,3564767.614,3564767.614,0.442852411,0.208956357,0.44498455,0.696806839
Kaduna,NGA,10315174,2001,all_age,5370209.868,5370209.868,0.573695227,0.34614854,0.566870167,0.794027892
Kogi,NGA,10315316,2001,all_age,3043056.81,3043056.81,0.446596396,0.205827005,0.453484871,0.697504429
Imo,NGA,10315365,2001,all_age,3247871.904,3247871.904,0.490183645,0.311940714,0.485795542,0.6899519
Sokoto,NGA,10315512,2001,all_age,3142651.297,3142651.297,0.302953042,0.073832078,0.280700219,0.624260735
Enugu,NGA,10315516,2001,all_age,2983160.224,2983160.224,0.263131794,0.128296235,0.26033791,0.414440709
Niger,NGA,10315577,2001,all_age,3212214.484,3212214.484,0.499729273,0.26314087,0.502809111,0.745387558
Bauchi,NGA,10315631,2001,all_age,4311015.075,4311015.075,0.464836751,0.246799432,0.443288348,0.753816565
Jigawa,NGA,10315654,2001,all_age,4069831.537,4069831.537,0.403990269,0.149219436,0.365305884,0.744407582
Rivers,NGA,10315660,2001,all_age,5452102.799,5452102.799,0.445298595,0.26624066,0.442717323,0.651802548
Taraba,NGA,10315664,2001,all_age,1983575.796,1983575.796,0.393087893,0.201364525,0.390610085,0.634962078
Ondo,NGA,10315731,2001,all_age,2698052.086,2698052.086,0.417977645,0.246706078,0.407961803,0.659190545
Adamawa,NGA,10315851,2001,all_age,2966824.007,2966824.007,0.403417088,0.200398918,0.394826411,0.658105423
Borno,NGA,10316414,2001,all_age,3856765.217,3856765.217,0.308744114,0.129230596,0.28854346,0.548553317
Edo,NGA,10312855,2002,all_age,3073088.208,3073088.208,0.345737769,0.163726107,0.329733715,0.60417653
Kano,NGA,10312921,2002,all_age,8505333.968,8505333.968,0.412173738,0.137259356,0.396210887,0.782218983
Bayelsa,NGA,10312967,2002,all_age,2096714.565,2096714.565,0.39688124,0.176126924,0.38390304,0.685874871
Zamfara,NGA,10312979,2002,all_age,3237007.548,3237007.548,0.402810284,0.124829169,0.377419056,0.73537578
Ebonyi,NGA,10313027,2002,all_age,2020190.193,2020190.193,0.419635017,0.240661433,0.423837556,0.624988179
Ogun,NGA,10313043,2002,all_age,3178729.192,3178729.192,0.284622526,0.170034373,0.277786817,0.419110172
Federal Capital Territory,NGA,10313058,2002,all_age,933127.0181,933127.0181,0.479061983,0.26435603,0.480966474,0.672680167
Abia,NGA,10313078,2002,all_age,2572243.685,2572243.685,0.480894338,0.309595343,0.479256115,0.685710669
Osun,NGA,10313126,2002,all_age,3194933.797,3194933.797,0.427816791,0.242784323,0.417991584,0.653817331
Anambra,NGA,10313334,2002,all_age,3941104.356,3941104.356,0.374288409,0.216895496,0.369322004,0.591065947
Delta,NGA,10313483,2002,all_age,3826029.178,3826029.178,0.343650636,0.138369741,0.343839758,0.567229847
Oyo,NGA,10313522,2002,all_age,5335692.035,5335692.035,0.422422885,0.236798051,0.415033953,0.603559624
Plateau,NGA,10313750,2002,all_age,2372490.256,2372490.256,0.422500351,0.218921827,0.422679972,0.642093288
Akwa Ibom,NGA,10313817,2002,all_age,3915372.023,3915372.023,0.501535065,0.317878919,0.492926791,0.724328407
Lagos,NGA,10313859,2002,all_age,8976672.949,8976672.949,0.108966597,0.039729243,0.09780498,0.208189265
Gombe,NGA,10313923,2002,all_age,2244729.646,2244729.646,0.459548276,0.195892323,0.450350907,0.746174124
Kwara,NGA,10314245,2002,all_age,2162805.774,2162805.774,0.476691408,0.259588974,0.480524357,0.709674059
Ekiti,NGA,10314343,2002,all_age,2589374.376,2589374.376,0.441538246,0.225343189,0.437843921,0.688724658
Yobe,NGA,10314496,2002,all_age,2128868.397,2128868.397,0.332120301,0.092789213,0.316198378,0.675161917
Kebbi,NGA,10314662,2002,all_age,3053426.309,3053426.309,0.391343079,0.138870421,0.387217248,0.698960813
Cross River,NGA,10314810,2002,all_age,2904009.87,2904009.87,0.457350632,0.278380031,0.446960525,0.656064688
Nasarawa,NGA,10314878,2002,all_age,1429925.386,1429925.386,0.479755765,0.290937231,0.4757659,0.705799785
Katsina,NGA,10314910,2002,all_age,5428426.726,5428426.726,0.413074429,0.155550972,0.399701582,0.773854955
Benue,NGA,10314912,2002,all_age,3706077.796,3706077.796,0.436480992,0.215923221,0.430910119,0.693609598
Kaduna,NGA,10315174,2002,all_age,5554518.666,5554518.666,0.556280281,0.32903014,0.548744309,0.792390484
Kogi,NGA,10315316,2002,all_age,3114942.032,3114942.032,0.439139482,0.200637801,0.450137346,0.685954263
Imo,NGA,10315365,2002,all_age,3400314.961,3400314.961,0.490792328,0.312719518,0.487197664,0.690183677
Sokoto,NGA,10315512,2002,all_age,3281604.517,3281604.517,0.289082054,0.063914822,0.275896865,0.587643545
Enugu,NGA,10315516,2002,all_age,3070676.276,3070676.276,0.246806449,0.116746099,0.241999014,0.397092583
Niger,NGA,10315577,2002,all_age,3366103.834,3366103.834,0.492522079,0.266708218,0.49677174,0.73052383
Bauchi,NGA,10315631,2002,all_age,4442119.784,4442119.784,0.447246636,0.210388497,0.431506473,0.749629726
Jigawa,NGA,10315654,2002,all_age,4189017.943,4189017.943,0.387497987,0.142823769,0.351662643,0.730420854
Rivers,NGA,10315660,2002,all_age,5468852.739,5468852.739,0.433544751,0.244982777,0.428584619,0.652369127
Taraba,NGA,10315664,2002,all_age,2082467.961,2082467.961,0.402353093,0.198317741,0.39562452,0.633801378
Ondo,NGA,10315731,2002,all_age,2761832.217,2761832.217,0.399181794,0.229263739,0.387328955,0.649026441
Adamawa,NGA,10315851,2002,all_age,3045919.306,3045919.306,0.411801428,0.205564195,0.404048089,0.661436714
Borno,NGA,10316414,2002,all_age,3980462.701,3980462.701,0.302054853,0.112218847,0.283074564,0.551046387
Edo,NGA,10312855,2003,all_age,3153906.961,3153906.961,0.350282775,0.169333144,0.33638148,0.605500068
Kano,NGA,10312921,2003,all_age,8836510.87,8836510.87,0.403808858,0.139123014,0.379505089,0.768525537
Bayelsa,NGA,10312967,2003,all_age,2046903.57,2046903.57,0.379863001,0.176942101,0.367099811,0.677043262
Zamfara,NGA,10312979,2003,all_age,3307715.815,3307715.815,0.397075269,0.133173178,0.378120564,0.737942134
Ebonyi,NGA,10313027,2003,all_age,2088386.661,2088386.661,0.425121747,0.247474721,0.421942646,0.64309645
Ogun,NGA,10313043,2003,all_age,3365599.992,3365599.992,0.274966715,0.159463684,0.262692906,0.414587976
Federal Capital Territory,NGA,10313058,2003,all_age,1042299.653,1042299.653,0.493012341,0.287045772,0.493868626,0.679831405
Abia,NGA,10313078,2003,all_age,2670673.564,2670673.564,0.483058222,0.309850107,0.479452514,0.684917055
Osun,NGA,10313126,2003,all_age,3300513.602,3300513.602,0.418415961,0.243289716,0.411711412,0.630713633
Anambra,NGA,10313334,2003,all_age,4081990.536,4081990.536,0.393447395,0.233286414,0.387550566,0.611994558
Delta,NGA,10313483,2003,all_age,3930550.639,3930550.639,0.329244408,0.139059683,0.330603522,0.560396137
Oyo,NGA,10313522,2003,all_age,5496184.095,5496184.095,0.409107211,0.237952659,0.399528088,0.589600056
Plateau,NGA,10313750,2003,all_age,2572097.489,2572097.489,0.420860694,0.235818743,0.41342302,0.630714195
Akwa Ibom,NGA,10313817,2003,all_age,3991066.662,3991066.662,0.500115079,0.317738734,0.493531787,0.72179298
Lagos,NGA,10313859,2003,all_age,9148781.787,9148781.787,0.109478632,0.039531332,0.099827478,0.207108427
Gombe,NGA,10313923,2003,all_age,2308883.133,2308883.133,0.462269967,0.214048903,0.458500029,0.767751632
Kwara,NGA,10314245,2003,all_age,2223557.796,2223557.796,0.479742626,0.281855302,0.480205231,0.704686299
Ekiti,NGA,10314343,2003,all_age,2581148.869,2581148.869,0.447272856,0.247220767,0.444541188,0.683772753
Yobe,NGA,10314496,2003,all_age,2218192.319,2218192.319,0.335880734,0.101278628,0.317822037,0.694899756
Kebbi,NGA,10314662,2003,all_age,3157348.506,3157348.506,0.397237974,0.144119379,0.387902108,0.690680095
Cross River,NGA,10314810,2003,all_age,2967064.896,2967064.896,0.46397999,0.287602187,0.45448963,0.670145608
Nasarawa,NGA,10314878,2003,all_age,1538258.591,1538258.591,0.491844624,0.301543316,0.486660676,0.72283097
Katsina,NGA,10314910,2003,all_age,5615496.282,5615496.282,0.400103135,0.147194724,0.378442501,0.768787763
Benue,NGA,10314912,2003,all_age,3868935.895,3868935.895,0.454400113,0.242754362,0.452873996,0.702310535
Kaduna,NGA,10315174,2003,all_age,5751924.942,5751924.942,0.550981663,0.33016475,0.54109121,0.787889525
Kogi,NGA,10315316,2003,all_age,3180178.752,3180178.752,0.453718509,0.226347061,0.463176785,0.684075823
Imo,NGA,10315365,2003,all_age,3575954.51,3575954.51,0.493363229,0.31416929,0.490326536,0.692925644
Sokoto,NGA,10315512,2003,all_age,3430055.621,3430055.621,0.281880403,0.072508827,0.272125553,0.572151335
Enugu,NGA,10315516,2003,all_age,3163566.708,3163566.708,0.24898704,0.125240496,0.242649467,0.395836536
Niger,NGA,10315577,2003,all_age,3542618.765,3542618.765,0.51063877,0.285732585,0.514192109,0.733487142
Bauchi,NGA,10315631,2003,all_age,4576604.65,4576604.65,0.445291768,0.221912878,0.424781884,0.73285676
Jigawa,NGA,10315654,2003,all_age,4308064.841,4308064.841,0.384744583,0.150856764,0.348147676,0.717346215
Rivers,NGA,10315660,2003,all_age,5474781.957,5474781.957,0.433794285,0.248757666,0.426406672,0.653598789
Taraba,NGA,10315664,2003,all_age,2198184.256,2198184.256,0.428489305,0.217443916,0.417301869,0.656202245
Ondo,NGA,10315731,2003,all_age,2827852.138,2827852.138,0.395945242,0.215246653,0.386371418,0.635194746
Adamawa,NGA,10315851,2003,all_age,3121918.418,3121918.418,0.429599661,0.227099599,0.419607823,0.658655831
Borno,NGA,10316414,2003,all_age,4097696.987,4097696.987,0.302647654,0.102954181,0.290108016,0.547853896
Edo,NGA,10312855,2004,all_age,3233388.068,3233388.068,0.367438973,0.188251666,0.359780176,0.604831002
Kano,NGA,10312921,2004,all_age,9184688.203,9184688.203,0.394972857,0.16120232,0.372445034,0.716919597
Bayelsa,NGA,10312967,2004,all_age,1988935.792,1988935.792,0.365357214,0.169676872,0.343295135,0.653609076
Zamfara,NGA,10312979,2004,all_age,3376319.764,3376319.764,0.397895384,0.150605033,0.38782839,0.735213461
Ebonyi,NGA,10313027,2004,all_age,2161030.058,2161030.058,0.450393966,0.276023052,0.443211724,0.666228904
Ogun,NGA,10313043,2004,all_age,3583506.466,3583506.466,0.274609476,0.159133527,0.266577396,0.419461125
Federal Capital Territory,NGA,10313058,2004,all_age,1167735.638,1167735.638,0.513254983,0.330061131,0.51229457,0.694041342
Abia,NGA,10313078,2004,all_age,2776270.264,2776270.264,0.487279008,0.310533195,0.484462508,0.689112038
Osun,NGA,10313126,2004,all_age,3406888.569,3406888.569,0.425878763,0.244043614,0.417551468,0.623638425
Anambra,NGA,10313334,2004,all_age,4231844.82,4231844.82,0.427514885,0.26633735,0.418465093,0.631418797
Delta,NGA,10313483,2004,all_age,4029776.468,4029776.468,0.317532254,0.141562691,0.315795841,0.53686017
Oyo,NGA,10313522,2004,all_age,5646371.528,5646371.528,0.413061459,0.266424397,0.399742549,0.598655983
Plateau,NGA,10313750,2004,all_age,2802812.84,2802812.84,0.430800298,0.241391676,0.421636734,0.659926679
Akwa Ibom,NGA,10313817,2004,all_age,4041838.317,4041838.317,0.498516083,0.314449665,0.494327874,0.718265216
Lagos,NGA,10313859,2004,all_age,9267466.286,9267466.286,0.11275277,0.040298128,0.107399324,0.215128322
Gombe,NGA,10313923,2004,all_age,2373973.258,2373973.258,0.47064195,0.22689407,0.461318676,0.776697795
Kwara,NGA,10314245,2004,all_age,2284759.333,2284759.333,0.496579487,0.317305752,0.4930979,0.710813573
Ekiti,NGA,10314343,2004,all_age,2566296.614,2566296.614,0.466102748,0.265576936,0.462985539,0.68236129
Yobe,NGA,10314496,2004,all_age,2313271.982,2313271.982,0.350062008,0.116823807,0.329620181,0.724929182
Kebbi,NGA,10314662,2004,all_age,3264297.229,3264297.229,0.404243514,0.161776922,0.393623838,0.680632146
Cross River,NGA,10314810,2004,all_age,3020617.487,3020617.487,0.477318268,0.306082644,0.469347965,0.6957971
Nasarawa,NGA,10314878,2004,all_age,1660602.711,1660602.711,0.519174633,0.322551482,0.520737337,0.740538447
Katsina,NGA,10314910,2004,all_age,5816581.145,5816581.145,0.393233389,0.152729718,0.371753794,0.738353153
Benue,NGA,10314912,2004,all_age,4055168.009,4055168.009,0.492420308,0.291260845,0.487060929,0.732265879
Kaduna,NGA,10315174,2004,all_age,5963536.848,5963536.848,0.549247453,0.333509232,0.542785246,0.78541119
Kogi,NGA,10315316,2004,all_age,3237086.296,3237086.296,0.48396917,0.27941281,0.484448001,0.691253163
Imo,NGA,10315365,2004,all_age,3778257.182,3778257.182,0.496672019,0.316296247,0.493760588,0.696289691
Sokoto,NGA,10315512,2004,all_age,3588406.843,3588406.843,0.272244329,0.08821893,0.254611619,0.556380847
Enugu,NGA,10315516,2004,all_age,3261636.799,3261636.799,0.268556997,0.14913267,0.264548336,0.402893055
Niger,NGA,10315577,2004,all_age,3747572.201,3747572.201,0.544539696,0.325393066,0.534639381,0.759004404
Bauchi,NGA,10315631,2004,all_age,4714034.573,4714034.573,0.453149836,0.246691554,0.439281275,0.735858838
Jigawa,NGA,10315654,2004,all_age,4425607.336,4425607.336,0.382821916,0.168378704,0.359587461,0.724842094
Rivers,NGA,10315660,2004,all_age,5468084.506,5468084.506,0.4408909,0.2687955,0.437071204,0.656722344
Taraba,NGA,10315664,2004,all_age,2333566.784,2333566.784,0.464320074,0.281117437,0.460604057,0.684649823
Ondo,NGA,10315731,2004,all_age,2895365.535,2895365.535,0.404709022,0.222854387,0.396830233,0.616691252
Adamawa,NGA,10315851,2004,all_age,3194139.065,3194139.065,0.453181712,0.251317925,0.447226541,0.673504025
Borno,NGA,10316414,2004,all_age,4206850.966,4206850.966,0.30962761,0.10913028,0.285105066,0.565369436
Edo,NGA,10312855,2005,all_age,3310542.476,3310542.476,0.380268252,0.188880842,0.374647061,0.60679353
Kano,NGA,10312921,2005,all_age,9557482.857,9557482.857,0.392200421,0.178011308,0.374911154,0.698986385
Bayelsa,NGA,10312967,2005,all_age,1922212.213,1922212.213,0.341625651,0.157397399,0.325202621,0.602734675
Zamfara,NGA,10312979,2005,all_age,3442057.031,3442057.031,0.405101082,0.155150734,0.399631693,0.74217404
Ebonyi,NGA,10313027,2005,all_age,2237017.006,2237017.006,0.475429369,0.300784553,0.469005232,0.691879172
Ogun,NGA,10313043,2005,all_age,3838450.141,3838450.141,0.275440833,0.157250189,0.268039421,0.443835855
Federal Capital Territory,NGA,10313058,2005,all_age,1311649.778,1311649.778,0.515415713,0.331369241,0.51163511,0.706104041
Abia,NGA,10313078,2005,all_age,2891363.752,2891363.752,0.488197422,0.311449569,0.485564781,0.689722399
Osun,NGA,10313126,2005,all_age,3512308.302,3512308.302,0.43228947,0.271785755,0.430066533,0.64135975
Anambra,NGA,10313334,2005,all_age,4392815.259,4392815.259,0.449636146,0.281272443,0.440654382,0.656595816
Delta,NGA,10313483,2005,all_age,4121036.26,4121036.26,0.303964635,0.130473621,0.296826443,0.518025298
Oyo,NGA,10313522,2005,all_age,5782650.179,5782650.179,0.415343756,0.272108562,0.406683754,0.595029223
Plateau,NGA,10313750,2005,all_age,3071181.232,3071181.232,0.440594271,0.226308082,0.434145166,0.704737417
Akwa Ibom,NGA,10313817,2005,all_age,4069091.488,4069091.488,0.492834013,0.309805026,0.490267687,0.712329388
Lagos,NGA,10313859,2005,all_age,9323263.258,9323263.258,0.117315408,0.035787807,0.10965683,0.244312603
Gombe,NGA,10313923,2005,all_age,2439850.126,2439850.126,0.474650306,0.213333434,0.474660737,0.771820832
Kwara,NGA,10314245,2005,all_age,2347259.27,2347259.27,0.501856776,0.307384891,0.491536514,0.697372945
Ekiti,NGA,10314343,2005,all_age,2543174.876,2543174.876,0.474319837,0.291977222,0.472860264,0.682972599
Yobe,NGA,10314496,2005,all_age,2414443.139,2414443.139,0.36759499,0.123249721,0.343465773,0.761856126
Kebbi,NGA,10314662,2005,all_age,3373864.223,3373864.223,0.417397406,0.177574908,0.401001746,0.690758652
Cross River,NGA,10314810,2005,all_age,3054292.606,3054292.606,0.48348489,0.315280025,0.47786141,0.684372232
Nasarawa,NGA,10314878,2005,all_age,1798931.492,1798931.492,0.528310487,0.319243694,0.527331291,0.764320262
Katsina,NGA,10314910,2005,all_age,6026629.25,6026629.25,0.393766129,0.161013957,0.36962963,0.694872537
Benue,NGA,10314912,2005,all_age,4267490.572,4267490.572,0.516401304,0.307762737,0.517876862,0.744507957
Kaduna,NGA,10315174,2005,all_age,6189401.277,6189401.277,0.537792723,0.318843411,0.530917644,0.773310012
Kogi,NGA,10315316,2005,all_age,3284492.86,3284492.86,0.498985164,0.325589585,0.497964532,0.70154018
Imo,NGA,10315365,2005,all_age,4010926.147,4010926.147,0.499399633,0.318734532,0.49653726,0.698747998
Sokoto,NGA,10315512,2005,all_age,3757018.253,3757018.253,0.277641841,0.095165899,0.256904192,0.522893307
Enugu,NGA,10315516,2005,all_age,3367886.608,3367886.608,0.292931188,0.173495582,0.290831075,0.464509348
Niger,NGA,10315577,2005,all_age,3984492.947,3984492.947,0.560290659,0.356133327,0.557282049,0.773107791
Bauchi,NGA,10315631,2005,all_age,4853758.086,4853758.086,0.464144803,0.240806885,0.4480555,0.763521101
Jigawa,NGA,10315654,2005,all_age,4539492.834,4539492.834,0.388680847,0.158087786,0.359523627,0.730400677
Rivers,NGA,10315660,2005,all_age,5448238.412,5448238.412,0.438877451,0.275003667,0.435627769,0.651421007
Taraba,NGA,10315664,2005,all_age,2491800.562,2491800.562,0.48431917,0.294515004,0.480272237,0.711011255
Ondo,NGA,10315731,2005,all_age,2964979.965,2964979.965,0.409311023,0.228428339,0.403099405,0.594847446
Adamawa,NGA,10315851,2005,all_age,3261710.291,3261710.291,0.458999467,0.25790539,0.449681328,0.679628299
Borno,NGA,10316414,2005,all_age,4305496.898,4305496.898,0.31994397,0.124630486,0.2877503,0.602878128
Edo,NGA,10312855,2006,all_age,3383625.431,3383625.431,0.386201011,0.201844294,0.378384569,0.601618382
Kano,NGA,10312921,2006,all_age,9950545.025,9950545.025,0.396118876,0.180264142,0.380273703,0.698484053
Bayelsa,NGA,10312967,2006,all_age,1848321.419,1848321.419,0.315075974,0.138215697,0.29892621,0.553648057
Zamfara,NGA,10312979,2006,all_age,3504068.668,3504068.668,0.422091197,0.162951767,0.42316488,0.748016922
Ebonyi,NGA,10313027,2006,all_age,2316877.594,2316877.594,0.490114473,0.317609118,0.485190566,0.699143934
Ogun,NGA,10313043,2006,all_age,4136321.692,4136321.692,0.280017055,0.159387312,0.270831899,0.46665598
Federal Capital Territory,NGA,10313058,2006,all_age,1476475.511,1476475.511,0.501932158,0.296270558,0.499848025,0.705091941
Abia,NGA,10313078,2006,all_age,3012367.83,3012367.83,0.486625149,0.312437021,0.484117834,0.686590959
Osun,NGA,10313126,2006,all_age,3616191.473,3616191.473,0.434407531,0.265453822,0.429060463,0.643582998
Anambra,NGA,10313334,2006,all_age,4566056.746,4566056.746,0.454139598,0.277305059,0.449140784,0.665911568
Delta,NGA,10313483,2006,all_age,4200824.728,4200824.728,0.286166367,0.12653332,0.275520906,0.496776548
Oyo,NGA,10313522,2006,all_age,5901793.567,5901793.567,0.416534869,0.271019686,0.408206305,0.603211566
Plateau,NGA,10313750,2006,all_age,3384336.059,3384336.059,0.451799477,0.222926101,0.451165988,0.719299352
Akwa Ibom,NGA,10313817,2006,all_age,4062026.97,4062026.97,0.483285284,0.303104883,0.483830305,0.699809251
Lagos,NGA,10313859,2006,all_age,9306621.211,9306621.211,0.12172836,0.03508071,0.113809166,0.266850741
Gombe,NGA,10313923,2006,all_age,2506237.75,2506237.75,0.473120794,0.197122943,0.473612253,0.77451769
Kwara,NGA,10314245,2006,all_age,2410035.208,2410035.208,0.499352899,0.29904485,0.49086603,0.688588021
Ekiti,NGA,10314343,2006,all_age,2512673.334,2512673.334,0.46866307,0.281174619,0.465868305,0.669276748
Yobe,NGA,10314496,2006,all_age,2521258.594,2521258.594,0.378441331,0.128539136,0.347729863,0.775979297
Kebbi,NGA,10314662,2006,all_age,3484774.737,3484774.737,0.439486006,0.18242644,0.433875058,0.709097937
Cross River,NGA,10314810,2006,all_age,3077402.457,3077402.457,0.482078466,0.316159605,0.480387141,0.683082216
Nasarawa,NGA,10314878,2006,all_age,1954904.229,1954904.229,0.524683371,0.308672144,0.521034475,0.761186172
Katsina,NGA,10314910,2006,all_age,6248281.786,6248281.786,0.411078211,0.171322411,0.394209852,0.710927479
Benue,NGA,10314912,2006,all_age,4509582.953,4509582.953,0.524439984,0.300989695,0.526492573,0.745398868
Kaduna,NGA,10315174,2006,all_age,6429380.09,6429380.09,0.521977526,0.307180818,0.51244441,0.757188113
Kogi,NGA,10315316,2006,all_age,3321336.081,3321336.081,0.499176977,0.328949479,0.490728606,0.695846144
Imo,NGA,10315365,2006,all_age,4278201.693,4278201.693,0.500797163,0.320971371,0.497828362,0.699684261
Sokoto,NGA,10315512,2006,all_age,3935738.612,3935738.612,0.293106995,0.096733405,0.280766127,0.547641679
Enugu,NGA,10315516,2006,all_age,3479002.449,3479002.449,0.31173882,0.18609893,0.307281376,0.49555977
Niger,NGA,10315577,2006,all_age,4256308.996,4256308.996,0.560897399,0.348532024,0.55827461,0.779530673
Bauchi,NGA,10315631,2006,all_age,4994514.362,4994514.362,0.476107467,0.248285568,0.46773768,0.784644575
Jigawa,NGA,10315654,2006,all_age,4649378.968,4649378.968,0.393796694,0.155718885,0.383575893,0.750659278
Rivers,NGA,10315660,2006,all_age,5415401.098,5415401.098,0.422764399,0.256083508,0.416775381,0.621970024
Taraba,NGA,10315664,2006,all_age,2676591.681,2676591.681,0.489325958,0.29738114,0.479860676,0.719866312
Ondo,NGA,10315731,2006,all_age,3035707.232,3035707.232,0.410860794,0.232985882,0.404750847,0.598986569
Adamawa,NGA,10315851,2006,all_age,3322997.26,3322997.26,0.444081022,0.24630072,0.431020613,0.677047514
Borno,NGA,10316414,2006,all_age,4390453.928,4390453.928,0.321668178,0.127143024,0.287722,0.606638243
Edo,NGA,10312855,2007,all_age,3451762.381,3451762.381,0.390354038,0.210587059,0.38079227,0.601989355
Kano,NGA,10312921,2007,all_age,10366499.64,10366499.64,0.403506128,0.194853785,0.388169264,0.689456016
Bayelsa,NGA,10312967,2007,all_age,1765433.579,1765433.579,0.290334379,0.13487205,0.274422747,0.521485491
Zamfara,NGA,10312979,2007,all_age,3560684.625,3560684.625,0.453591492,0.194966172,0.448846222,0.756479555
Ebonyi,NGA,10313027,2007,all_age,2397842.119,2397842.119,0.495725047,0.327863013,0.488040564,0.705091206
Ogun,NGA,10313043,2007,all_age,4485088.182,4485088.182,0.289354017,0.165244596,0.283433047,0.473057491
Federal Capital Territory,NGA,10313058,2007,all_age,1664894.654,1664894.654,0.465436113,0.256487804,0.458811523,0.69646951
Abia,NGA,10313078,2007,all_age,3146187.987,3146187.987,0.482034093,0.311926787,0.479032502,0.682879791
Osun,NGA,10313126,2007,all_age,3719031.659,3719031.659,0.437076972,0.26732869,0.432390741,0.641675921
Anambra,NGA,10313334,2007,all_age,4752837.784,4752837.784,0.445820568,0.270752126,0.439682436,0.654246353
Delta,NGA,10313483,2007,all_age,4266943.35,4266943.35,0.267002018,0.130514417,0.256253748,0.463735939
Oyo,NGA,10313522,2007,all_age,5997025.528,5997025.528,0.421849493,0.273473914,0.411892665,0.609522441
Plateau,NGA,10313750,2007,all_age,3748066.592,3748066.592,0.470100446,0.247828701,0.464898365,0.722526254
Akwa Ibom,NGA,10313817,2007,all_age,4013896.341,4013896.341,0.471383035,0.294829101,0.468076594,0.685797157
Lagos,NGA,10313859,2007,all_age,9209491.91,9209491.91,0.126460356,0.041102542,0.118488032,0.266920178
Gombe,NGA,10313923,2007,all_age,2571954.9,2571954.9,0.47199024,0.206441009,0.469736117,0.768310598
Kwara,NGA,10314245,2007,all_age,2472049.86,2472049.86,0.49573407,0.305248024,0.487797191,0.68061421
Ekiti,NGA,10314343,2007,all_age,2473763.334,2473763.334,0.454544002,0.275064975,0.45039817,0.653264792
Yobe,NGA,10314496,2007,all_age,2633266.322,2633266.322,0.392834308,0.153100888,0.361056783,0.781739878
Kebbi,NGA,10314662,2007,all_age,3595989.014,3595989.014,0.47456587,0.214177786,0.476217152,0.735300889
Cross River,NGA,10314810,2007,all_age,3086744.085,3086744.085,0.475366366,0.311686192,0.473315778,0.673770007
Nasarawa,NGA,10314878,2007,all_age,2130712.865,2130712.865,0.514523702,0.295305076,0.515797209,0.746406843
Katsina,NGA,10314910,2007,all_age,6477174.822,6477174.822,0.442877218,0.202028101,0.430938156,0.740917889
Benue,NGA,10314912,2007,all_age,4785244.942,4785244.942,0.524117086,0.307864516,0.530445644,0.737862102
Kaduna,NGA,10315174,2007,all_age,6682705.733,6682705.733,0.500553362,0.29089083,0.492994004,0.736752512
Kogi,NGA,10315316,2007,all_age,3345795.479,3345795.479,0.492211048,0.33074483,0.479971601,0.69201364
Imo,NGA,10315365,2007,all_age,4584474.082,4584474.082,0.498133733,0.322043376,0.494161494,0.694950304
Sokoto,NGA,10315512,2007,all_age,4124004.577,4124004.577,0.322020944,0.121863657,0.308203827,0.594664365
Enugu,NGA,10315516,2007,all_age,3597731.089,3597731.089,0.321732618,0.192602487,0.313713639,0.510404438
Niger,NGA,10315577,2007,all_age,4568943.734,4568943.734,0.549113538,0.336834825,0.547423496,0.778340691
Bauchi,NGA,10315631,2007,all_age,5134562.719,5134562.719,0.496833974,0.271623373,0.489117293,0.799604199
Jigawa,NGA,10315654,2007,all_age,4750419.925,4750419.925,0.398699686,0.170392624,0.385010387,0.744095868
Rivers,NGA,10315660,2007,all_age,5366519.958,5366519.958,0.395680146,0.23108723,0.390478912,0.59409031
Taraba,NGA,10315664,2007,all_age,2891643.511,2891643.511,0.486284315,0.292172342,0.477099748,0.714538894
Ondo,NGA,10315731,2007,all_age,3106010.492,3106010.492,0.413871961,0.243346209,0.407165235,0.59975077
Adamawa,NGA,10315851,2007,all_age,3376091.198,3376091.198,0.407749898,0.215301898,0.392191123,0.647579362
Borno,NGA,10316414,2007,all_age,4458856.958,4458856.958,0.320638416,0.135509453,0.294296245,0.589408596
Edo,NGA,10312855,2008,all_age,3513903.549,3513903.549,0.394383591,0.225744081,0.391882587,0.599143715
Kano,NGA,10312921,2008,all_age,10801204.14,10801204.14,0.428238387,0.242010266,0.412425399,0.689130825
Bayelsa,NGA,10312967,2008,all_age,1677465.441,1677465.441,0.265390645,0.131346036,0.251399548,0.482170926
Zamfara,NGA,10312979,2008,all_age,3611539.694,3611539.694,0.511742803,0.271884367,0.509843319,0.781887669
Ebonyi,NGA,10313027,2008,all_age,2482877.851,2482877.851,0.49306077,0.336063618,0.484875807,0.702884675
Ogun,NGA,10313043,2008,all_age,4887091.674,4887091.674,0.304029624,0.177084967,0.297211131,0.474367043
Federal Capital Territory,NGA,10313058,2008,all_age,1878473.894,1878473.894,0.378579736,0.202744155,0.368244339,0.623390363
Abia,NGA,10313078,2008,all_age,3285387.057,3285387.057,0.465515593,0.299201235,0.462999244,0.665175118
Osun,NGA,10313126,2008,all_age,3816637.08,3816637.08,0.441299712,0.281150669,0.43708232,0.633108674
Anambra,NGA,10313334,2008,all_age,4945053.661,4945053.661,0.407896882,0.250708517,0.398998441,0.633763851
Delta,NGA,10313483,2008,all_age,4324055.325,4324055.325,0.245041054,0.138905604,0.232223678,0.420651691
Oyo,NGA,10313522,2008,all_age,6067901.161,6067901.161,0.431523241,0.285116656,0.423764269,0.617923897
Plateau,NGA,10313750,2008,all_age,4164651.804,4164651.804,0.498053751,0.30922315,0.491359415,0.715804221
Akwa Ibom,NGA,10313817,2008,all_age,3940576.951,3940576.951,0.451831933,0.279705714,0.44953897,0.6551764
Lagos,NGA,10313859,2008,all_age,9045520.182,9045520.182,0.130967336,0.055261878,0.126708186,0.23923657
Gombe,NGA,10313923,2008,all_age,2636253.755,2636253.755,0.465537365,0.23770966,0.460361564,0.734682153
Kwara,NGA,10314245,2008,all_age,2534731.802,2534731.802,0.490972086,0.318972078,0.482912626,0.678824093
Ekiti,NGA,10314343,2008,all_age,2427637.802,2427637.802,0.426002368,0.256400052,0.42033333,0.62675499
Yobe,NGA,10314496,2008,all_age,2749515.925,2749515.925,0.4171734,0.21070462,0.390033231,0.759799117
Kebbi,NGA,10314662,2008,all_age,3706200.64,3706200.64,0.526736952,0.294768417,0.521580181,0.77541534
Cross River,NGA,10314810,2008,all_age,3076478.282,3076478.282,0.460126117,0.295595784,0.457449861,0.659631582
Nasarawa,NGA,10314878,2008,all_age,2326298.751,2326298.751,0.493343206,0.296564821,0.48839862,0.724587427
Katsina,NGA,10314910,2008,all_age,6711469.74,6711469.74,0.512044406,0.283319991,0.505137069,0.793054016
Benue,NGA,10314912,2008,all_age,5092746.742,5092746.742,0.516589428,0.317711971,0.518492652,0.718569206
Kaduna,NGA,10315174,2008,all_age,6946149.199,6946149.199,0.475277649,0.295360276,0.462908556,0.699853509
Kogi,NGA,10315316,2008,all_age,3358366.967,3358366.967,0.476603273,0.320241758,0.463585786,0.688930743
Imo,NGA,10315365,2008,all_age,4929123.8,4929123.8,0.468896164,0.315437885,0.462206848,0.647771606
Sokoto,NGA,10315512,2008,all_age,4320034.148,4320034.148,0.372952986,0.185835001,0.364682675,0.653973755
Enugu,NGA,10315516,2008,all_age,3720575.932,3720575.932,0.32533017,0.196325675,0.317778864,0.512564738
Niger,NGA,10315577,2008,all_age,4921538.174,4921538.174,0.511049367,0.323533669,0.498970035,0.732287332
Bauchi,NGA,10315631,2008,all_age,5272309.194,5272309.194,0.53258191,0.325869247,0.519609427,0.808167019
Jigawa,NGA,10315654,2008,all_age,4841702.154,4841702.154,0.410621701,0.21525839,0.392938724,0.714541661
Rivers,NGA,10315660,2008,all_age,5304633.273,5304633.273,0.35295681,0.209902014,0.346873782,0.54170776
Taraba,NGA,10315664,2008,all_age,3137800.821,3137800.821,0.47052543,0.305523349,0.460433205,0.6861592
Ondo,NGA,10315731,2008,all_age,3175804.877,3175804.877,0.41691338,0.256770763,0.412046481,0.61282366
Adamawa,NGA,10315851,2008,all_age,3420693.893,3420693.893,0.335736337,0.191412749,0.322793071,0.529329153
Borno,NGA,10316414,2008,all_age,4511570.436,4511570.436,0.317587452,0.163579313,0.301459071,0.562163747
Edo,NGA,10312855,2009,all_age,3569616.002,3569616.002,0.388719062,0.239617214,0.384875831,0.574610696
Kano,NGA,10312921,2009,all_age,11246390.3,11246390.3,0.447194877,0.29560099,0.433908466,0.682954949
Bayelsa,NGA,10312967,2009,all_age,1587260.314,1587260.314,0.245636383,0.126531452,0.239123009,0.435245313
Zamfara,NGA,10312979,2009,all_age,3655942.078,3655942.078,0.568179341,0.314686788,0.564581155,0.826989499
Ebonyi,NGA,10313027,2009,all_age,2567171.998,2567171.998,0.478283996,0.304681951,0.471142896,0.691370075
Ogun,NGA,10313043,2009,all_age,5335401.681,5335401.681,0.311362416,0.188654619,0.306326792,0.469275773
Federal Capital Territory,NGA,10313058,2009,all_age,2118501.678,2118501.678,0.268568255,0.152908017,0.259140859,0.442743199
Abia,NGA,10313078,2009,all_age,3430728.55,3430728.55,0.4148513,0.266344685,0.407139669,0.627179033
Osun,NGA,10313126,2009,all_age,3907996.591,3907996.591,0.439318478,0.288806128,0.429108719,0.629332215
Anambra,NGA,10313334,2009,all_age,5141633.93,5141633.93,0.34074911,0.19698109,0.333854543,0.556550606
Delta,NGA,10313483,2009,all_age,4370584.183,4370584.183,0.222423341,0.127694531,0.213113327,0.369720438
Oyo,NGA,10313522,2009,all_age,6120827.958,6120827.958,0.434215183,0.28408064,0.425312689,0.626073258
Plateau,NGA,10313750,2009,all_age,4635841.839,4635841.839,0.512146568,0.348267899,0.503361384,0.695380569
Akwa Ibom,NGA,10313817,2009,all_age,3842609.238,3842609.238,0.412710658,0.247730512,0.409534609,0.623112324
Lagos,NGA,10313859,2009,all_age,8828588.051,8828588.051,0.13140553,0.0672889,0.129451121,0.207305732
Gombe,NGA,10313923,2009,all_age,2698888.803,2698888.803,0.438542996,0.250593345,0.427623888,0.679026566
Kwara,NGA,10314245,2009,all_age,2596600.715,2596600.715,0.473803159,0.317034776,0.464508051,0.666710405
Ekiti,NGA,10314343,2009,all_age,2375516.225,2375516.225,0.379842767,0.231222872,0.375893106,0.560545733
Yobe,NGA,10314496,2009,all_age,2868542.665,2868542.665,0.42663613,0.252958206,0.405043725,0.702661402
Kebbi,NGA,10314662,2009,all_age,3814271.459,3814271.459,0.564488438,0.357209064,0.557858586,0.790207974
Cross River,NGA,10314810,2009,all_age,3054082.873,3054082.873,0.43058559,0.265968496,0.428721381,0.63693423
Nasarawa,NGA,10314878,2009,all_age,2541372.752,2541372.752,0.453167224,0.285969869,0.447449123,0.660019243
Katsina,NGA,10314910,2009,all_age,6949896.681,6949896.681,0.570547162,0.347235928,0.565037696,0.840965848
Benue,NGA,10314912,2009,all_age,5428985.166,5428985.166,0.491571728,0.304901856,0.492485553,0.687077855
Kaduna,NGA,10315174,2009,all_age,7216407.116,7216407.116,0.436461227,0.288650639,0.422014619,0.629156549
Kogi,NGA,10315316,2009,all_age,3360619.361,3360619.361,0.442466811,0.28308056,0.437035679,0.656303358
Imo,NGA,10315365,2009,all_age,5310725.297,5310725.297,0.368556532,0.228275051,0.362736771,0.569997531
Sokoto,NGA,10315512,2009,all_age,4521913.894,4521913.894,0.428374649,0.232058235,0.418893247,0.683933167
Enugu,NGA,10315516,2009,all_age,3847757.753,3847757.753,0.318270777,0.189728574,0.312179265,0.505944347
Niger,NGA,10315577,2009,all_age,5313559.056,5313559.056,0.441443992,0.292781988,0.429872073,0.616559239
Bauchi,NGA,10315631,2009,all_age,5405890.076,5405890.076,0.549546735,0.365027581,0.540232237,0.789052223
Jigawa,NGA,10315654,2009,all_age,4924627.8,4924627.8,0.409577201,0.252917995,0.395580237,0.649520134
Rivers,NGA,10315660,2009,all_age,5231438.579,5231438.579,0.301778281,0.180534158,0.296042425,0.485361574
Taraba,NGA,10315664,2009,all_age,3415188.422,3415188.422,0.436423485,0.284594557,0.422708285,0.61282032
Ondo,NGA,10315731,2009,all_age,3245735.149,3245735.149,0.410242022,0.267212702,0.410057583,0.596670484
Adamawa,NGA,10315851,2009,all_age,3456895.69,3456895.69,0.26368889,0.157692021,0.256048086,0.396118068
Borno,NGA,10316414,2009,all_age,4549925.285,4549925.285,0.305748357,0.17313884,0.290627012,0.494976626
Edo,NGA,10312855,2010,all_age,3618069.057,3618069.057,0.366155159,0.224095668,0.355880174,0.540446697
Kano,NGA,10312921,2010,all_age,11701750.92,11701750.92,0.432804199,0.295694109,0.416375866,0.648261218
Bayelsa,NGA,10312967,2010,all_age,1498241.516,1498241.516,0.237033029,0.122113504,0.230021862,0.414794205
Zamfara,NGA,10312979,2010,all_age,3693798.865,3693798.865,0.596165525,0.346878268,0.597572533,0.857158025
Ebonyi,NGA,10313027,2010,all_age,2650719.711,2650719.711,0.450778726,0.272951902,0.446960248,0.683298681
Ogun,NGA,10313043,2010,all_age,5837454.518,5837454.518,0.289987458,0.176321302,0.286265146,0.427261938
Federal Capital Territory,NGA,10313058,2010,all_age,2385905.254,2385905.254,0.200923136,0.118540579,0.195398829,0.31846333
Abia,NGA,10313078,2010,all_age,3579772.38,3579772.38,0.340505286,0.203648042,0.337946594,0.555175876
Osun,NGA,10313126,2010,all_age,3996089.472,3996089.472,0.421039932,0.276730305,0.417669044,0.617819526
Anambra,NGA,10313334,2010,all_age,5345277.044,5345277.044,0.276347213,0.15483274,0.269922611,0.4560419
Delta,NGA,10313483,2010,all_age,4401784.724,4401784.724,0.201380118,0.115470214,0.196584171,0.324773479
Oyo,NGA,10313522,2010,all_age,6153332.492,6153332.492,0.414307585,0.26509378,0.408300886,0.610258996
Plateau,NGA,10313750,2010,all_age,5161573.529,5161573.529,0.501855483,0.350540102,0.49108608,0.670501073
Akwa Ibom,NGA,10313817,2010,all_age,3731344.42,3731344.42,0.350675382,0.204275608,0.347273523,0.552861325
Lagos,NGA,10313859,2010,all_age,8573055.876,8573055.876,0.117775689,0.067965098,0.11805273,0.178489459
Gombe,NGA,10313923,2010,all_age,2758513.304,2758513.304,0.396020399,0.226490114,0.384428595,0.611735743
Kwara,NGA,10314245,2010,all_age,2654570.001,2654570.001,0.439525379,0.287663117,0.438246034,0.631657186
Ekiti,NGA,10314343,2010,all_age,2319304.751,2319304.751,0.331744368,0.201653816,0.334135953,0.488262627
Yobe,NGA,10314496,2010,all_age,2989161.434,2989161.434,0.405686525,0.225303041,0.389304737,0.661653323
Kebbi,NGA,10314662,2010,all_age,3919626.041,3919626.041,0.574183573,0.387012576,0.569041557,0.791676937
Cross River,NGA,10314810,2010,all_age,3018432.155,3018432.155,0.393689542,0.234422174,0.394374889,0.599963412
Nasarawa,NGA,10314878,2010,all_age,2774818.067,2774818.067,0.41211299,0.256520703,0.407189225,0.591503182
Katsina,NGA,10314910,2010,all_age,7187565.264,7187565.264,0.587131578,0.368273022,0.57208756,0.847692114
Benue,NGA,10314912,2010,all_age,5791563.518,5791563.518,0.456558024,0.285714647,0.451184401,0.643141303
Kaduna,NGA,10315174,2010,all_age,7490955.149,7490955.149,0.390391422,0.255946674,0.376776825,0.58022433
Kogi,NGA,10315316,2010,all_age,3353745.765,3353745.765,0.383561365,0.230459377,0.374840982,0.576712688
Imo,NGA,10315365,2010,all_age,5727163.898,5727163.898,0.27442492,0.158236742,0.26983852,0.437063488
Sokoto,NGA,10315512,2010,all_age,4728105.365,4728105.365,0.467126875,0.260352023,0.458710673,0.73173505
Enugu,NGA,10315516,2010,all_age,3975219.032,3975219.032,0.295482447,0.174816798,0.289896444,0.477109052
Niger,NGA,10315577,2010,all_age,5741426.33,5741426.33,0.376832975,0.248528391,0.368832725,0.533334403
Bauchi,NGA,10315631,2010,all_age,5534994.75,5534994.75,0.521919784,0.351301687,0.512391456,0.737359527
Jigawa,NGA,10315654,2010,all_age,4999312.639,4999312.639,0.390770423,0.244501869,0.379644495,0.598644491
Rivers,NGA,10315660,2010,all_age,5147514.549,5147514.549,0.256202648,0.143707715,0.2534694,0.427979739
Taraba,NGA,10315664,2010,all_age,3723722.937,3723722.937,0.393755098,0.246341369,0.384995229,0.552429914
Ondo,NGA,10315731,2010,all_age,3309892.117,3309892.117,0.391159083,0.25078117,0.388912894,0.571086095
Adamawa,NGA,10315851,2010,all_age,3484921.441,3484921.441,0.220655564,0.139341362,0.213672064,0.33747818
Borno,NGA,10316414,2010,all_age,4575167.164,4575167.164,0.280201531,0.163569458,0.265559286,0.448017788
Edo,NGA,10312855,2011,all_age,3659664.97,3659664.97,0.339884054,0.202506481,0.329032208,0.512108371
Kano,NGA,10312921,2011,all_age,12162107.16,12162107.16,0.415609111,0.282630039,0.397942324,0.614964991
Bayelsa,NGA,10312967,2011,all_age,1410156.46,1410156.46,0.244833905,0.125254062,0.241153375,0.417040755
Zamfara,NGA,10312979,2011,all_age,3726220.222,3726220.222,0.617082887,0.387431342,0.608114074,0.864861932
Ebonyi,NGA,10313027,2011,all_age,2737519.509,2737519.509,0.420958359,0.24930517,0.420646056,0.661212701
Ogun,NGA,10313043,2011,all_age,6386746.207,6386746.207,0.253599615,0.152945549,0.256214816,0.373225576
Federal Capital Territory,NGA,10313058,2011,all_age,2681063.073,2681063.073,0.167983315,0.097060744,0.16485752,0.258031804
Abia,NGA,10313078,2011,all_age,3727805.655,3727805.655,0.279274863,0.157061015,0.278706895,0.465288029
Osun,NGA,10313126,2011,all_age,4081629.882,4081629.882,0.400892162,0.260132566,0.396814726,0.596240818
Anambra,NGA,10313334,2011,all_age,5550766.931,5550766.931,0.229375492,0.128727857,0.226535421,0.375070098
Delta,NGA,10313483,2011,all_age,4423236.381,4423236.381,0.189334417,0.105417579,0.184653081,0.298399418
Oyo,NGA,10313522,2011,all_age,6168869.197,6168869.197,0.385972348,0.24385741,0.380648623,0.579576828
Plateau,NGA,10313750,2011,all_age,5740965.912,5740965.912,0.485842547,0.334674462,0.47792798,0.657718805
Akwa Ibom,NGA,10313817,2011,all_age,3604698.498,3604698.498,0.29419199,0.161674572,0.291415663,0.472478287
Lagos,NGA,10313859,2011,all_age,8293092.563,8293092.563,0.096300904,0.056653964,0.095122084,0.141686591
Gombe,NGA,10313923,2011,all_age,2815630.103,2815630.103,0.365988692,0.206960198,0.360427037,0.579278452
Kwara,NGA,10314245,2011,all_age,2707025.189,2707025.189,0.402702142,0.253898877,0.400989048,0.577315138
Ekiti,NGA,10314343,2011,all_age,2260842.569,2260842.569,0.302624631,0.185326802,0.305862962,0.443667877
Yobe,NGA,10314496,2011,all_age,3110851.368,3110851.368,0.374311874,0.196646534,0.352719428,0.626874407
Kebbi,NGA,10314662,2011,all_age,4021312.459,4021312.459,0.577661857,0.377901068,0.572281029,0.800500503
Cross River,NGA,10314810,2011,all_age,2979227.486,2979227.486,0.364023745,0.216021437,0.361144125,0.568137714
Nasarawa,NGA,10314878,2011,all_age,3025924.972,3025924.972,0.391365683,0.239952413,0.390295168,0.567602827
Katsina,NGA,10314910,2011,all_age,7428988.263,7428988.263,0.579209366,0.352259393,0.565062266,0.837214638
Benue,NGA,10314912,2011,all_age,6175773.618,6175773.618,0.425573836,0.263891684,0.419357025,0.612681426
Kaduna,NGA,10315174,2011,all_age,7764836.21,7764836.21,0.361882499,0.228528469,0.350490378,0.543981428
Kogi,NGA,10315316,2011,all_age,3338784.982,3338784.982,0.320064118,0.1849267,0.308394041,0.496039271
Imo,NGA,10315365,2011,all_age,6175124.398,6175124.398,0.213718105,0.121119189,0.212211357,0.334147262
Sokoto,NGA,10315512,2011,all_age,4936889.886,4936889.886,0.509651447,0.275647879,0.499518722,0.782913137
Enugu,NGA,10315516,2011,all_age,4100127.048,4100127.048,0.26590239,0.150837105,0.260141977,0.429863075
Niger,NGA,10315577,2011,all_age,6202223.874,6202223.874,0.339707605,0.220642452,0.335726562,0.480922339
Bauchi,NGA,10315631,2011,all_age,5658339.743,5658339.743,0.464474832,0.310074025,0.454117186,0.677695287
Jigawa,NGA,10315654,2011,all_age,5063927.916,5063927.916,0.367272013,0.231940715,0.359583855,0.544812004
Rivers,NGA,10315660,2011,all_age,5055742.059,5055742.059,0.229168518,0.124612662,0.2300845,0.379773288
Taraba,NGA,10315664,2011,all_age,4062024.731,4062024.731,0.368941212,0.223146291,0.364666057,0.529207092
Ondo,NGA,10315731,2011,all_age,3370645.192,3370645.192,0.376320625,0.238128821,0.372401605,0.549132448
Adamawa,NGA,10315851,2011,all_age,3505292.923,3505292.923,0.213756328,0.137766744,0.209117628,0.330629291
Borno,NGA,10316414,2011,all_age,4589631.724,4589631.724,0.257256079,0.149484715,0.246217826,0.415590306
Edo,NGA,10312855,2012,all_age,3694315.909,3694315.909,0.308214697,0.188169634,0.302150651,0.465451785
Kano,NGA,10312921,2012,all_age,12627557.28,12627557.28,0.393849094,0.266175303,0.373275149,0.602566397
Bayelsa,NGA,10312967,2012,all_age,1324851.167,1324851.167,0.266750445,0.13644329,0.260641272,0.438461242
Zamfara,NGA,10312979,2012,all_age,3753685.369,3753685.369,0.638298509,0.423369752,0.625157178,0.876928003
Ebonyi,NGA,10313027,2012,all_age,2819873.639,2819873.639,0.377667141,0.224848789,0.370691887,0.603542076
Ogun,NGA,10313043,2012,all_age,6979887.8,6979887.8,0.203682015,0.126789312,0.202429582,0.297841318
Federal Capital Territory,NGA,10313058,2012,all_age,3003734.086,3003734.086,0.158056583,0.095492475,0.155977283,0.239495558
Abia,NGA,10313078,2012,all_age,3880676.876,3880676.876,0.230748295,0.123445411,0.230264955,0.379873862
Osun,NGA,10313126,2012,all_age,4151967.548,4151967.548,0.372669194,0.238252989,0.365742689,0.564839195
Anambra,NGA,10313334,2012,all_age,5760759.465,5760759.465,0.192812878,0.109630526,0.186322598,0.306199257
Delta,NGA,10313483,2012,all_age,4431347.446,4431347.446,0.183140692,0.100537724,0.179324219,0.298998682
Oyo,NGA,10313522,2012,all_age,6171554.492,6171554.492,0.34311813,0.20747179,0.340229088,0.520535049
Plateau,NGA,10313750,2012,all_age,6372786.661,6372786.661,0.451186012,0.307938426,0.444203726,0.623383517
Akwa Ibom,NGA,10313817,2012,all_age,3472398.862,3472398.862,0.251058002,0.133941545,0.249234597,0.403875308
Lagos,NGA,10313859,2012,all_age,8001599.4,8001599.4,0.068922723,0.038995518,0.068613812,0.103810199
Gombe,NGA,10313923,2012,all_age,2871019.65,2871019.65,0.350441389,0.201866047,0.341003257,0.564432614
Kwara,NGA,10314245,2012,all_age,2764024.533,2764024.533,0.355995105,0.224028946,0.351568012,0.527896979
Ekiti,NGA,10314343,2012,all_age,2199501.815,2199501.815,0.28726688,0.178201309,0.285041869,0.422660905
Yobe,NGA,10314496,2012,all_age,3232129.446,3232129.446,0.339087721,0.177591761,0.318450997,0.559660984
Kebbi,NGA,10314662,2012,all_age,4118808.247,4118808.247,0.580681199,0.390486585,0.578482219,0.801421609
Cross River,NGA,10314810,2012,all_age,2931643.698,2931643.698,0.334528008,0.199331394,0.329447901,0.535659636
Nasarawa,NGA,10314878,2012,all_age,3292251.934,3292251.934,0.371315502,0.227916113,0.367699204,0.548495223
Katsina,NGA,10314910,2012,all_age,7665984.716,7665984.716,0.543908636,0.340294153,0.535074039,0.793037609
Benue,NGA,10314912,2012,all_age,6578200.912,6578200.912,0.385758546,0.244911143,0.380218739,0.58030577
Kaduna,NGA,10315174,2012,all_age,8036725.998,8036725.998,0.352841115,0.222120126,0.339948156,0.522323782
Kogi,NGA,10315316,2012,all_age,3316411.691,3316411.691,0.253386881,0.156000852,0.246193858,0.394353703
Imo,NGA,10315365,2012,all_age,6650449.203,6650449.203,0.174333371,0.101307196,0.172554335,0.265849828
Sokoto,NGA,10315512,2012,all_age,5147181.363,5147181.363,0.55819714,0.32524506,0.553011872,0.820945656
Enugu,NGA,10315516,2012,all_age,4224418.823,4224418.823,0.227140378,0.128314902,0.221813904,0.363498919
Niger,NGA,10315577,2012,all_age,6692019.45,6692019.45,0.329663689,0.222286044,0.327967379,0.461617606
Bauchi,NGA,10315631,2012,all_age,5775205.989,5775205.989,0.380223391,0.254666701,0.367876281,0.568244824
Jigawa,NGA,10315654,2012,all_age,5121013.745,5121013.745,0.334226761,0.206247003,0.326204434,0.538463778
Rivers,NGA,10315660,2012,all_age,4958405.152,4958405.152,0.219434948,0.11942007,0.217172996,0.348239053
Taraba,NGA,10315664,2012,all_age,4428038.273,4428038.273,0.366296086,0.222304308,0.359842542,0.534462774
Ondo,NGA,10315731,2012,all_age,3428792.698,3428792.698,0.356439207,0.222870316,0.354059509,0.517713481
Adamawa,NGA,10315851,2012,all_age,3518629.088,3518629.088,0.245316359,0.159508675,0.234117574,0.37759024
Borno,NGA,10316414,2012,all_age,4595298.843,4595298.843,0.241756552,0.137186119,0.232532624,0.386025097
Edo,NGA,10312855,2013,all_age,3722778.992,3722778.992,0.280825857,0.171132846,0.273414665,0.430894541
Kano,NGA,10312921,2013,all_age,13092999.81,13092999.81,0.379516173,0.248963832,0.360789221,0.588671416
Bayelsa,NGA,10312967,2013,all_age,1245187.523,1245187.523,0.284145904,0.145666727,0.279663614,0.458154093
Zamfara,NGA,10312979,2013,all_age,3776446.445,3776446.445,0.643942093,0.439763673,0.629940028,0.878900953
Ebonyi,NGA,10313027,2013,all_age,2898390.331,2898390.331,0.337395684,0.198142085,0.325839716,0.539023203
Ogun,NGA,10313043,2013,all_age,7610986.832,7610986.832,0.164693354,0.100167273,0.164021599,0.248597278
Federal Capital Territory,NGA,10313058,2013,all_age,3352650.997,3352650.997,0.160957191,0.095118881,0.155876888,0.245873651
Abia,NGA,10313078,2013,all_age,4033056.268,4033056.268,0.196714085,0.105025265,0.198537867,0.321264456
Osun,NGA,10313126,2013,all_age,4219522.179,4219522.179,0.347473537,0.21177903,0.34120148,0.531870797
Anambra,NGA,10313334,2013,all_age,5963027.263,5963027.263,0.170009261,0.093118844,0.162930718,0.272633493
Delta,NGA,10313483,2013,all_age,4436398.017,4436398.017,0.182819205,0.10056064,0.179223931,0.303939603
Oyo,NGA,10313522,2013,all_age,6163132.194,6163132.194,0.304305227,0.178780308,0.297404289,0.467141853
Plateau,NGA,10313750,2013,all_age,7051920.447,7051920.447,0.404288681,0.258145507,0.388941359,0.593455819
Akwa Ibom,NGA,10313817,2013,all_age,3337456.864,3337456.864,0.224099286,0.115411309,0.222737733,0.360845999
Lagos,NGA,10313859,2013,all_age,7710210.055,7710210.055,0.051641032,0.027348969,0.050996733,0.084859335
Gombe,NGA,10313923,2013,all_age,2923274.53,2923274.53,0.347053084,0.201782105,0.334785031,0.562416492
Kwara,NGA,10314245,2013,all_age,2817153.243,2817153.243,0.31514024,0.196078161,0.308792351,0.47542856
Ekiti,NGA,10314343,2013,all_age,2138892.755,2138892.755,0.287243091,0.170138068,0.281848625,0.434578484
Yobe,NGA,10314496,2013,all_age,3351900.896,3351900.896,0.301986416,0.157737749,0.283560231,0.501594048
Kebbi,NGA,10314662,2013,all_age,4212428.844,4212428.844,0.571026895,0.390485581,0.568862227,0.793237297
Cross River,NGA,10314810,2013,all_age,2884240.418,2884240.418,0.311406137,0.181176325,0.308259481,0.495074814
Nasarawa,NGA,10314878,2013,all_age,3572082.282,3572082.282,0.353032345,0.202956154,0.345926391,0.538030501
Katsina,NGA,10314910,2013,all_age,7900204.977,7900204.977,0.494523953,0.313664635,0.483210454,0.732628907
Benue,NGA,10314912,2013,all_age,6991956.477,6991956.477,0.347205497,0.209069117,0.342121533,0.541377383
Kaduna,NGA,10315174,2013,all_age,8305709.308,8305709.308,0.358843005,0.221582136,0.345377608,0.551184827
Kogi,NGA,10315316,2013,all_age,3288819.78,3288819.78,0.207858533,0.128713951,0.201894801,0.324798645
Imo,NGA,10315365,2013,all_age,7148253.803,7148253.803,0.153503181,0.088425941,0.150502673,0.244066557
Sokoto,NGA,10315512,2013,all_age,5357982.665,5357982.665,0.581257994,0.334861394,0.57635037,0.838145011
Enugu,NGA,10315516,2013,all_age,4346195.708,4346195.708,0.194167482,0.113600169,0.189541702,0.305161441
Niger,NGA,10315577,2013,all_age,7204713.31,7204713.31,0.329800619,0.219558078,0.330687987,0.467225734
Bauchi,NGA,10315631,2013,all_age,5887783.375,5887783.375,0.307389954,0.197987888,0.29605084,0.467232088
Jigawa,NGA,10315654,2013,all_age,5171691.485,5171691.485,0.311938138,0.186488,0.300905486,0.531971125
Rivers,NGA,10315660,2013,all_age,4857422.474,4857422.474,0.217916032,0.119576671,0.213239494,0.349779008
Taraba,NGA,10315664,2013,all_age,4818459.25,4818459.25,0.373992105,0.220707326,0.365113912,0.551593217
Ondo,NGA,10315731,2013,all_age,3480626.427,3480626.427,0.337635348,0.204051419,0.336647448,0.489380079
Adamawa,NGA,10315851,2013,all_age,3526017.306,3526017.306,0.288393943,0.184879464,0.273798819,0.447061518
Borno,NGA,10316414,2013,all_age,4593570.546,4593570.546,0.232625374,0.118184745,0.230695053,0.39034603
Edo,NGA,10312855,2014,all_age,3745338.974,3745338.974,0.261534362,0.154657533,0.252822721,0.406436111
Kano,NGA,10312921,2014,all_age,13560307.22,13560307.22,0.382603202,0.24067624,0.36630498,0.600265138
Bayelsa,NGA,10312967,2014,all_age,1171401.609,1171401.609,0.286286668,0.147391424,0.283681585,0.463549564
Zamfara,NGA,10312979,2014,all_age,3796025.135,3796025.135,0.634662039,0.438833415,0.621615215,0.872688891
Ebonyi,NGA,10313027,2014,all_age,2973678.118,2973678.118,0.308734674,0.179320766,0.301341033,0.492379426
Ogun,NGA,10313043,2014,all_age,8271007.202,8271007.202,0.151088352,0.089426048,0.148764345,0.231525289
Federal Capital Territory,NGA,10313058,2014,all_age,3725853.534,3725853.534,0.16698084,0.097634935,0.162362563,0.257526812
Abia,NGA,10313078,2014,all_age,4184724.87,4184724.87,0.178484065,0.094045599,0.180721214,0.291254642
Osun,NGA,10313126,2014,all_age,4281479.01,4281479.01,0.32940693,0.195154871,0.320993481,0.514024073
Anambra,NGA,10313334,2014,all_age,6158463.62,6158463.62,0.158287025,0.084543183,0.151979156,0.251843426
Delta,NGA,10313483,2014,all_age,4439351.701,4439351.701,0.18539966,0.10143965,0.178115692,0.311591965
Oyo,NGA,10313522,2014,all_age,6148310.08,6148310.08,0.28195637,0.165425349,0.27457927,0.431932821
Plateau,NGA,10313750,2014,all_age,7772095.687,7772095.687,0.355229184,0.219429611,0.343376244,0.549009071
Akwa Ibom,NGA,10313817,2014,all_age,3210889.629,3210889.629,0.211674661,0.107783137,0.212508672,0.338052231
Lagos,NGA,10313859,2014,all_age,7429187.83,7429187.83,0.049049221,0.024890649,0.04854839,0.084232687
Gombe,NGA,10313923,2014,all_age,2973688.131,2973688.131,0.35162884,0.205377971,0.338710263,0.568254168
Kwara,NGA,10314245,2014,all_age,2865226.953,2865226.953,0.288519052,0.175166419,0.278603925,0.43875686
Ekiti,NGA,10314343,2014,all_age,2079292.964,2079292.964,0.289227824,0.165207259,0.284528936,0.440838847
Yobe,NGA,10314496,2014,all_age,3469979.484,3469979.484,0.288900608,0.15044658,0.271592633,0.477851787
Kebbi,NGA,10314662,2014,all_age,4302943.82,4302943.82,0.573456252,0.38538511,0.568890473,0.796516563
Cross River,NGA,10314810,2014,all_age,2831829.756,2831829.756,0.290558692,0.160291122,0.288622347,0.458959518
Nasarawa,NGA,10314878,2014,all_age,3862695.249,3862695.249,0.331780288,0.189484105,0.325571375,0.516676273
Katsina,NGA,10314910,2014,all_age,8130317.804,8130317.804,0.451298099,0.278971413,0.438594776,0.677978288
Benue,NGA,10314912,2014,all_age,7411898.789,7411898.789,0.312152362,0.186258447,0.304055108,0.497585535
Kaduna,NGA,10315174,2014,all_age,8569553.294,8569553.294,0.361393567,0.223420291,0.350160495,0.565307915
Kogi,NGA,10315316,2014,all_age,3258180.133,3258180.133,0.190523365,0.118862123,0.186951423,0.299484307
Imo,NGA,10315365,2014,all_age,7663302.609,7663302.609,0.145074119,0.082030131,0.142055697,0.231053211
Sokoto,NGA,10315512,2014,all_age,5568797.835,5568797.835,0.587900208,0.346753098,0.586772625,0.846476025
Enugu,NGA,10315516,2014,all_age,4462356.678,4462356.678,0.175914312,0.103249452,0.173161103,0.273151659
Niger,NGA,10315577,2014,all_age,7738434.934,7738434.934,0.335426446,0.221806215,0.335722262,0.484531958
Bauchi,NGA,10315631,2014,all_age,5996511.849,5996511.849,0.277226612,0.173907897,0.264792666,0.423211712
Jigawa,NGA,10315654,2014,all_age,5216856.957,5216856.957,0.316300399,0.188325087,0.305124186,0.551854458
Rivers,NGA,10315660,2014,all_age,4756913.911,4756913.911,0.21461113,0.114738977,0.211300418,0.343722061
Taraba,NGA,10315664,2014,all_age,5229347.968,5229347.968,0.374303229,0.220239058,0.367429513,0.553369103
Ondo,NGA,10315731,2014,all_age,3529565.043,3529565.043,0.323226735,0.193472587,0.320315519,0.477045434
Adamawa,NGA,10315851,2014,all_age,3528354.755,3528354.755,0.312025561,0.194606212,0.294864299,0.479829706
Borno,NGA,10316414,2014,all_age,4586339.956,4586339.956,0.235280569,0.113058246,0.235794854,0.407178861
Edo,NGA,10312855,2015,all_age,3763872.091,3763872.091,0.253332222,0.150153929,0.249680689,0.395826609
Kano,NGA,10312921,2015,all_age,14024033.84,14024033.84,0.391642585,0.247082123,0.3743517,0.604891104
Bayelsa,NGA,10312967,2015,all_age,1103423.056,1103423.056,0.279426425,0.146731446,0.276528793,0.454423542
Zamfara,NGA,10312979,2015,all_age,3815165.711,3815165.711,0.608701526,0.420046886,0.597684148,0.848125865
Ebonyi,NGA,10313027,2015,all_age,3045940.787,3045940.787,0.292258594,0.168410986,0.288140581,0.464784142
Ogun,NGA,10313043,2015,all_age,8957126.151,8957126.151,0.161414859,0.097006765,0.160584984,0.245858173
Federal Capital Territory,NGA,10313058,2015,all_age,4120593.763,4120593.763,0.178653249,0.107695271,0.174514418,0.269024442
Abia,NGA,10313078,2015,all_age,4332387.387,4332387.387,0.17638368,0.094356497,0.17768118,0.284232962
Osun,NGA,10313126,2015,all_age,4337101.549,4337101.549,0.3199546,0.195828452,0.313414586,0.496876947
Anambra,NGA,10313334,2015,all_age,6357815.261,6357815.261,0.154257098,0.084231946,0.149557033,0.236268727
Delta,NGA,10313483,2015,all_age,4430705.868,4430705.868,0.194176936,0.107945888,0.190892303,0.315599865
Oyo,NGA,10313522,2015,all_age,6128969.419,6128969.419,0.273235077,0.163075554,0.26547631,0.417284417
Plateau,NGA,10313750,2015,all_age,8524618.111,8524618.111,0.312646265,0.195339916,0.302334324,0.476043215
Akwa Ibom,NGA,10313817,2015,all_age,3091923.335,3091923.335,0.213402524,0.110328776,0.214026978,0.332582018
Lagos,NGA,10313859,2015,all_age,7167558.883,7167558.883,0.059552986,0.030866072,0.058828852,0.099552477
Gombe,NGA,10313923,2015,all_age,3024295.856,3024295.856,0.358449644,0.216164486,0.344357087,0.569480022
Kwara,NGA,10314245,2015,all_age,2911669.783,2911669.783,0.275548128,0.167544804,0.270637917,0.416968665
Ekiti,NGA,10314343,2015,all_age,2022765.868,2022765.868,0.292705132,0.168564532,0.290134463,0.447661751
Yobe,NGA,10314496,2015,all_age,3586207.803,3586207.803,0.281274872,0.152347688,0.265346931,0.46883748
Kebbi,NGA,10314662,2015,all_age,4391180.769,4391180.769,0.585069819,0.39729928,0.576054663,0.804348056
Cross River,NGA,10314810,2015,all_age,2782228.015,2782228.015,0.27625882,0.150987368,0.276049143,0.436492111
Nasarawa,NGA,10314878,2015,all_age,4161685.293,4161685.293,0.304819017,0.177599439,0.29388734,0.480682006
Katsina,NGA,10314910,2015,all_age,8363607.437,8363607.437,0.419787983,0.260667694,0.405883096,0.633849577
Benue,NGA,10314912,2015,all_age,7831508.727,7831508.727,0.284295254,0.171166198,0.273423223,0.452945569
Kaduna,NGA,10315174,2015,all_age,8828078.61,8828078.61,0.355964604,0.22431996,0.345299641,0.551566615
Kogi,NGA,10315316,2015,all_age,3226773.591,3226773.591,0.198354101,0.125178311,0.195282134,0.310980721
Imo,NGA,10315365,2015,all_age,8188676.093,8188676.093,0.149007641,0.084126093,0.147454808,0.236991125
Sokoto,NGA,10315512,2015,all_age,5779557.147,5779557.147,0.579881841,0.343482452,0.570501343,0.832078413
Enugu,NGA,10315516,2015,all_age,4574973.496,4574973.496,0.171260557,0.100223632,0.168353602,0.266408647
Niger,NGA,10315577,2015,all_age,8284904.889,8284904.889,0.345873869,0.233344197,0.345402373,0.490363654
Bauchi,NGA,10315631,2015,all_age,6103906.871,6103906.871,0.275484139,0.174825954,0.266185565,0.4184851
Jigawa,NGA,10315654,2015,all_age,5261618.064,5261618.064,0.331083736,0.204222752,0.320901112,0.561661085
Rivers,NGA,10315660,2015,all_age,4659171.764,4659171.764,0.207624251,0.109482489,0.205163166,0.325316499
Taraba,NGA,10315664,2015,all_age,5656461.87,5656461.87,0.364521146,0.220286865,0.356036677,0.541342813
Ondo,NGA,10315731,2015,all_age,3572514.305,3572514.305,0.317898252,0.194600724,0.314870668,0.470975878
Adamawa,NGA,10315851,2015,all_age,3528135.037,3528135.037,0.318155432,0.199799239,0.304251402,0.483562532
Borno,NGA,10316414,2015,all_age,4576673.475,4576673.475,0.239590601,0.115796208,0.238619158,0.402758488
Edo,NGA,10312855,2016,all_age,3779097.069,3779097.069,0.260807668,0.157800143,0.256767151,0.414780078
Kano,NGA,10312921,2016,all_age,14489301.66,14489301.66,0.401160619,0.256240541,0.379401338,0.606299994
Bayelsa,NGA,10312967,2016,all_age,1042138.994,1042138.994,0.268427631,0.146668451,0.266403688,0.432648078
Zamfara,NGA,10312979,2016,all_age,3834380.888,3834380.888,0.534068843,0.345985434,0.517007642,0.771245792
Ebonyi,NGA,10313027,2016,all_age,3116746.583,3116746.583,0.291998268,0.166261715,0.289114629,0.462541995
Ogun,NGA,10313043,2016,all_age,9659059.033,9659059.033,0.198119504,0.11978619,0.196369669,0.299315805
Federal Capital Territory,NGA,10313058,2016,all_age,4536021.748,4536021.748,0.201799833,0.123676928,0.197218949,0.299259547
Abia,NGA,10313078,2016,all_age,4476143.618,4476143.618,0.191221229,0.104089523,0.190625022,0.301371368
Osun,NGA,10313126,2016,all_age,4389514.988,4389514.988,0.323103343,0.207155641,0.319548094,0.499345171
Anambra,NGA,10313334,2016,all_age,6541815.76,6541815.76,0.157282678,0.08773888,0.155919728,0.234908058
Delta,NGA,10313483,2016,all_age,4427076.938,4427076.938,0.211663854,0.120759451,0.210608553,0.334273137
Oyo,NGA,10313522,2016,all_age,6107546.809,6107546.809,0.27932607,0.168124747,0.272871542,0.420774122
Plateau,NGA,10313750,2016,all_age,9306140.942,9306140.942,0.280469511,0.177023062,0.273259722,0.419063192
Akwa Ibom,NGA,10313817,2016,all_age,2980003.21,2980003.21,0.229674278,0.125032354,0.227329917,0.350572283
Lagos,NGA,10313859,2016,all_age,6923928.573,6923928.573,0.090541571,0.052698248,0.090013422,0.144418922
Gombe,NGA,10313923,2016,all_age,3073143.363,3073143.363,0.359998492,0.231586917,0.347596126,0.556371042
Kwara,NGA,10314245,2016,all_age,2954357.015,2954357.015,0.281068678,0.174475533,0.279986673,0.40933379
Ekiti,NGA,10314343,2016,all_age,1968646.351,1968646.351,0.304858554,0.185867399,0.300505302,0.460394407
Yobe,NGA,10314496,2016,all_age,3701883.158,3701883.158,0.277499675,0.155946405,0.266486706,0.46516038
Kebbi,NGA,10314662,2016,all_age,4477898.419,4477898.419,0.59796101,0.414066431,0.585044025,0.818831874
Cross River,NGA,10314810,2016,all_age,2734313.438,2734313.438,0.271351368,0.149855941,0.266520436,0.424875903
Nasarawa,NGA,10314878,2016,all_age,4467370.775,4467370.775,0.279034134,0.170725048,0.267504174,0.431152831
Katsina,NGA,10314910,2016,all_age,8597829.013,8597829.013,0.390725662,0.239066779,0.377327787,0.603833271
Benue,NGA,10314912,2016,all_age,8248686.056,8248686.056,0.262424619,0.153293426,0.260582906,0.413670886
Kaduna,NGA,10315174,2016,all_age,9082725.566,9082725.566,0.343552209,0.2232997,0.335894911,0.50511957
Kogi,NGA,10315316,2016,all_age,3194675.351,3194675.351,0.235954291,0.145635195,0.234670063,0.376316326
Imo,NGA,10315365,2016,all_age,8722628.035,8722628.035,0.16691761,0.095636902,0.164892456,0.263024558
Sokoto,NGA,10315512,2016,all_age,5991177.112,5991177.112,0.535881624,0.318169357,0.52430733,0.769435036
Enugu,NGA,10315516,2016,all_age,4681088.626,4681088.626,0.183033094,0.107823389,0.179956241,0.282521281
Niger,NGA,10315577,2016,all_age,8842859.519,8842859.519,0.357099093,0.246716785,0.353583703,0.487726941
Bauchi,NGA,10315631,2016,all_age,6212432.327,6212432.327,0.294577055,0.190581624,0.287991812,0.455574896
Jigawa,NGA,10315654,2016,all_age,5307423.419,5307423.419,0.355909648,0.224036198,0.342031571,0.578547994
Rivers,NGA,10315660,2016,all_age,4565229.407,4565229.407,0.198977327,0.107930294,0.198779563,0.305446394
Taraba,NGA,10315664,2016,all_age,6099141.198,6099141.198,0.336457535,0.208171417,0.327769637,0.505668268
Ondo,NGA,10315731,2016,all_age,3612818.172,3612818.172,0.328102409,0.209075422,0.325064829,0.491092377
Adamawa,NGA,10315851,2016,all_age,3526319.829,3526319.829,0.302374224,0.194568391,0.289145035,0.457134328
Borno,NGA,10316414,2016,all_age,4569732.502,4569732.502,0.242751707,0.125570878,0.241570662,0.402423158
Edo,NGA,10312855,2017,all_age,3791362.429,3791362.429,0.270556507,0.162240381,0.267107227,0.433335898
Kano,NGA,10312921,2017,all_age,14956801.57,14956801.57,0.411804588,0.264147818,0.393221718,0.625939456
Bayelsa,NGA,10312967,2017,all_age,985530.7479,985530.7479,0.253991166,0.139287068,0.254656239,0.401892071
Zamfara,NGA,10312979,2017,all_age,3854713.376,3854713.376,0.442899791,0.273665715,0.429635178,0.670100556
Ebonyi,NGA,10313027,2017,all_age,3184193.085,3184193.085,0.297458718,0.169780251,0.29614694,0.470733289
Ogun,NGA,10313043,2017,all_age,10376155.41,10376155.41,0.242099634,0.144612103,0.23747435,0.369461214
Federal Capital Territory,NGA,10313058,2017,all_age,4971398.943,4971398.943,0.228992365,0.13950152,0.224599114,0.343036643
Abia,NGA,10313078,2017,all_age,4617248.851,4617248.851,0.215356341,0.120933009,0.214820662,0.341051605
Osun,NGA,10313126,2017,all_age,4437040.119,4437040.119,0.329486016,0.206712454,0.3240917,0.504951462
Anambra,NGA,10313334,2017,all_age,6721548.935,6721548.935,0.163557627,0.093741864,0.164409906,0.248664054
Delta,NGA,10313483,2017,all_age,4419244.368,4419244.368,0.22915515,0.130738873,0.229466113,0.367481748
Oyo,NGA,10313522,2017,all_age,6083426.671,6083426.671,0.291324059,0.173907785,0.282692564,0.447739516
Plateau,NGA,10313750,2017,all_age,10113663.99,10113663.99,0.261966488,0.169999423,0.254699808,0.383891795
Akwa Ibom,NGA,10313817,2017,all_age,2875355.708,2875355.708,0.251376719,0.136975208,0.250795355,0.38822304
Lagos,NGA,10313859,2017,all_age,6696364.906,6696364.906,0.134975056,0.079424297,0.134541593,0.201730641
Gombe,NGA,10313923,2017,all_age,3122520.427,3122520.427,0.356148173,0.232685495,0.349091224,0.53145363
Kwara,NGA,10314245,2017,all_age,2995372.314,2995372.314,0.296511215,0.185309925,0.29404541,0.430989113
Ekiti,NGA,10314343,2017,all_age,1917125.908,1917125.908,0.32095818,0.199153672,0.313060828,0.48264898
Yobe,NGA,10314496,2017,all_age,3817513.397,3817513.397,0.273536729,0.158426931,0.269477947,0.454174768
Kebbi,NGA,10314662,2017,all_age,4564245.511,4564245.511,0.596116339,0.417685204,0.581075418,0.815402483
Cross River,NGA,10314810,2017,all_age,2687967.411,2687967.411,0.270433528,0.153201425,0.268049816,0.423539552
Nasarawa,NGA,10314878,2017,all_age,4780061.178,4780061.178,0.261201883,0.16178258,0.255506174,0.390443304
Katsina,NGA,10314910,2017,all_age,8835779.379,8835779.379,0.373407817,0.229776278,0.36056502,0.583542076
Benue,NGA,10314912,2017,all_age,8663444.88,8663444.88,0.248274806,0.148961707,0.248371518,0.390930291
Kaduna,NGA,10315174,2017,all_age,9334228.637,9334228.637,0.337139765,0.218123201,0.329223445,0.491507025
Kogi,NGA,10315316,2017,all_age,3162338.278,3162338.278,0.283797194,0.170447155,0.280134287,0.448621179
Imo,NGA,10315365,2017,all_age,9261761.617,9261761.617,0.190240005,0.111383087,0.18677059,0.301182979
Sokoto,NGA,10315512,2017,all_age,6204570.572,6204570.572,0.473628804,0.307839675,0.466282429,0.693011825
Enugu,NGA,10315516,2017,all_age,4780551.535,4780551.535,0.202845086,0.115219752,0.199896062,0.318070925
Niger,NGA,10315577,2017,all_age,9411399.437,9411399.437,0.367798366,0.254503993,0.362430657,0.509622489
Bauchi,NGA,10315631,2017,all_age,6321312.085,6321312.085,0.327083755,0.202400716,0.323813126,0.500750466
Jigawa,NGA,10315654,2017,all_age,5355708.891,5355708.891,0.377407059,0.23134636,0.36560441,0.586352547
Rivers,NGA,10315660,2017,all_age,4473930.655,4473930.655,0.193638081,0.10837659,0.190876004,0.295994478
Taraba,NGA,10315664,2017,all_age,6556575.647,6556575.647,0.305831005,0.184458661,0.296281458,0.469877015
Ondo,NGA,10315731,2017,all_age,3648565.127,3648565.127,0.336059375,0.218896635,0.335373285,0.512417816
Adamawa,NGA,10315851,2017,all_age,3523356.763,3523356.763,0.275268149,0.180728687,0.264948106,0.414334184
Borno,NGA,10316414,2017,all_age,4565156.888,4565156.888,0.248280012,0.138293762,0.236163937,0.412938233
Edo,NGA,10312855,2018,all_age,3801309.439,3801309.439,0.266306479,0.158853815,0.26088799,0.427387433
Kano,NGA,10312921,2018,all_age,15431829.99,15431829.99,0.412918335,0.263932753,0.392981705,0.623795073
Bayelsa,NGA,10312967,2018,all_age,934869.7335,934869.7335,0.246490998,0.137875509,0.243384418,0.391144827
Zamfara,NGA,10312979,2018,all_age,3876705.557,3876705.557,0.375622982,0.233628943,0.371509416,0.57542357
Ebonyi,NGA,10313027,2018,all_age,3247328.849,3247328.849,0.298072881,0.172215766,0.295980579,0.471180829
Ogun,NGA,10313043,2018,all_age,11106058.3,11106058.3,0.267304302,0.161778467,0.266037205,0.411026868
Federal Capital Territory,NGA,10313058,2018,all_age,5425816.793,5425816.793,0.248649118,0.14752146,0.244125647,0.380690292
Abia,NGA,10313078,2018,all_age,4754716.712,4754716.712,0.239502238,0.138100927,0.237089585,0.38966566
Osun,NGA,10313126,2018,all_age,4482077.14,4482077.14,0.327180111,0.204894371,0.321920701,0.507399797
Anambra,NGA,10313334,2018,all_age,6890546.618,6890546.618,0.17138241,0.101402742,0.169052291,0.261465911
Delta,NGA,10313483,2018,all_age,4411183.838,4411183.838,0.238431177,0.136240151,0.232105626,0.381618361
Oyo,NGA,10313522,2018,all_age,6055243.835,6055243.835,0.294246788,0.182365439,0.288076057,0.450937326
Plateau,NGA,10313750,2018,all_age,10942866.69,10942866.69,0.257271307,0.167301196,0.249482923,0.382283809
Akwa Ibom,NGA,10313817,2018,all_age,2778957.861,2778957.861,0.268944197,0.151795779,0.266557122,0.426781165
Lagos,NGA,10313859,2018,all_age,6483299.495,6483299.495,0.164512339,0.097965095,0.165122407,0.243762465
Gombe,NGA,10313923,2018,all_age,3171995.207,3171995.207,0.353940155,0.222051587,0.343537731,0.525716137
Kwara,NGA,10314245,2018,all_age,3032094.617,3032094.617,0.302285929,0.190959883,0.299353532,0.433977726
Ekiti,NGA,10314343,2018,all_age,1868157.853,1868157.853,0.324651302,0.201627756,0.314882253,0.483890751
Yobe,NGA,10314496,2018,all_age,3933444.153,3933444.153,0.280904455,0.171856964,0.276767734,0.46208018
Kebbi,NGA,10314662,2018,all_age,4650962.809,4650962.809,0.556295066,0.389432343,0.541495347,0.776287466
Cross River,NGA,10314810,2018,all_age,2641443.62,2641443.62,0.271170917,0.158001734,0.270673111,0.427556511
Nasarawa,NGA,10314878,2018,all_age,5098919.618,5098919.618,0.252707203,0.162107195,0.248707372,0.374305244
Katsina,NGA,10314910,2018,all_age,9075908.168,9075908.168,0.360794197,0.21417042,0.347643969,0.560965466
Benue,NGA,10314912,2018,all_age,9073750.419,9073750.419,0.240308871,0.14385778,0.239813162,0.365759306
Kaduna,NGA,10315174,2018,all_age,9583769.99,9583769.99,0.340643266,0.227801413,0.332633934,0.49407378
Kogi,NGA,10315316,2018,all_age,3129810.228,3129810.228,0.307326352,0.188501199,0.301691238,0.47995449
Imo,NGA,10315365,2018,all_age,9804007.412,9804007.412,0.212384722,0.122659941,0.207759441,0.349468374
Sokoto,NGA,10315512,2018,all_age,6420981.407,6420981.407,0.408439934,0.264406326,0.397562631,0.612924857
Enugu,NGA,10315516,2018,all_age,4874472.547,4874472.547,0.214909084,0.125139971,0.210012737,0.330177812
Niger,NGA,10315577,2018,all_age,9990054.484,9990054.484,0.368914519,0.243640833,0.363284557,0.530898647
Bauchi,NGA,10315631,2018,all_age,6432464.895,6432464.895,0.357960677,0.238406586,0.34915442,0.5367725
Jigawa,NGA,10315654,2018,all_age,5406599.133,5406599.133,0.398949644,0.238042777,0.387702182,0.61100446
Rivers,NGA,10315660,2018,all_age,4385640.836,4385640.836,0.195962797,0.113537141,0.193715117,0.309342553
Taraba,NGA,10315664,2018,all_age,7027684.629,7027684.629,0.290648354,0.179959009,0.282724543,0.45031104
Ondo,NGA,10315731,2018,all_age,3680525.994,3680525.994,0.325866533,0.201298036,0.322583314,0.513636548
Adamawa,NGA,10315851,2018,all_age,3519437.749,3519437.749,0.262327425,0.175866433,0.253621273,0.392998585
Borno,NGA,10316414,2018,all_age,4561849.92,4561849.92,0.260706801,0.149900557,0.253425462,0.419303797
Edo,NGA,10312855,2019,all_age,3809306.48,3809306.48,0.258418311,0.148629947,0.25174963,0.411191779
Kano,NGA,10312921,2019,all_age,15908679.27,15908679.27,0.403740534,0.250506957,0.390724008,0.657599149
Bayelsa,NGA,10312967,2019,all_age,886659.8808,886659.8808,0.248143017,0.129509176,0.245322788,0.414808191
Zamfara,NGA,10312979,2019,all_age,3900504.272,3900504.272,0.332300172,0.190160273,0.330222517,0.534822289
Ebonyi,NGA,10313027,2019,all_age,3307903.121,3307903.121,0.304105813,0.169355718,0.296558038,0.500485102
Ogun,NGA,10313043,2019,all_age,11845300.14,11845300.14,0.279183159,0.167431622,0.274632101,0.425688005
Federal Capital Territory,NGA,10313058,2019,all_age,5898608.043,5898608.043,0.265502311,0.151201671,0.255482559,0.425755376
Abia,NGA,10313078,2019,all_age,4886990.204,4886990.204,0.267617735,0.151056408,0.260965369,0.447194137
Osun,NGA,10313126,2019,all_age,4520665.068,4520665.068,0.328139375,0.207190348,0.319781722,0.520642111
Anambra,NGA,10313334,2019,all_age,7059417.343,7059417.343,0.183198819,0.102900971,0.176237454,0.288982976
Delta,NGA,10313483,2019,all_age,4395502.999,4395502.999,0.244276508,0.128856438,0.240924519,0.407230569
Oyo,NGA,10313522,2019,all_age,6025175.368,6025175.368,0.300166431,0.181656525,0.292691011,0.464734273
Plateau,NGA,10313750,2019,all_age,11791759.84,11791759.84,0.26830183,0.165941831,0.257573373,0.412892404
Akwa Ibom,NGA,10313817,2019,all_age,2689874.874,2689874.874,0.287343149,0.161272925,0.282700739,0.473003574
Lagos,NGA,10313859,2019,all_age,6283620.58,6283620.58,0.176053149,0.10251961,0.173354494,0.262367163
Gombe,NGA,10313923,2019,all_age,3222797.632,3222797.632,0.352186531,0.207885495,0.339815612,0.540798557
Kwara,NGA,10314245,2019,all_age,3068643.255,3068643.255,0.309312755,0.184326526,0.300731884,0.47156761
Ekiti,NGA,10314343,2019,all_age,1821783.002,1821783.002,0.329383345,0.191465996,0.31899693,0.51828513
Yobe,NGA,10314496,2019,all_age,4050288.297,4050288.297,0.278141195,0.160506116,0.272295674,0.442866793
Kebbi,NGA,10314662,2019,all_age,4738135.572,4738135.572,0.487247449,0.299248531,0.473411182,0.706196389
Cross River,NGA,10314810,2019,all_age,2596009.564,2596009.564,0.2795333,0.15810412,0.274052547,0.444552139
Nasarawa,NGA,10314878,2019,all_age,5422734.304,5422734.304,0.255804888,0.152526412,0.247724747,0.405075185
Katsina,NGA,10314910,2019,all_age,9322181.109,9322181.109,0.345363878,0.187243584,0.334007871,0.555806827
Benue,NGA,10314912,2019,all_age,9478500.115,9478500.115,0.243045098,0.139140843,0.239667841,0.386462045
Kaduna,NGA,10315174,2019,all_age,9830114.755,9830114.755,0.358913044,0.229902293,0.349296826,0.531189384
Kogi,NGA,10315316,2019,all_age,3096590.147,3096590.147,0.314274129,0.18769877,0.305472196,0.484013197
Imo,NGA,10315365,2019,all_age,10347340.9,10347340.9,0.239448887,0.129803751,0.230630015,0.389187031
Sokoto,NGA,10315512,2019,all_age,6641189.303,6641189.303,0.349239285,0.213386468,0.340388569,0.550596179
Enugu,NGA,10315516,2019,all_age,4962785.339,4962785.339,0.224891446,0.128824693,0.21606862,0.362257116
Niger,NGA,10315577,2019,all_age,10576098.84,10576098.84,0.366732829,0.222583447,0.356637808,0.563302931
Bauchi,NGA,10315631,2019,all_age,6544637.626,6544637.626,0.376610264,0.244418889,0.363275747,0.571044267
Jigawa,NGA,10315654,2019,all_age,5461705.901,5461705.901,0.386215104,0.231392144,0.373340772,0.642025628
Rivers,NGA,10315660,2019,all_age,4298489.909,4298489.909,0.208355562,0.114788169,0.203964283,0.352030079
Taraba,NGA,10315664,2019,all_age,7510436.38,7510436.38,0.289168403,0.181264984,0.278482852,0.444294327
Ondo,NGA,10315731,2019,all_age,3707960.907,3707960.907,0.316010313,0.192382123,0.306415049,0.499589986
Adamawa,NGA,10315851,2019,all_age,3514816.292,3514816.292,0.261125004,0.161473168,0.252556404,0.410987755
Borno,NGA,10316414,2019,all_age,4559989.508,4559989.508,0.267299023,0.145109541,0.262297245,0.433457816
Edo,NGA,10312855,2020,all_age,3814858.452,3814858.452,0.253189694,0.107351823,0.239569781,0.427199938
Kano,NGA,10312921,2020,all_age,16392386.65,16392386.65,0.403474569,0.189290155,0.380197335,0.72187304
Bayelsa,NGA,10312967,2020,all_age,844101.112,844101.112,0.264933736,0.101099416,0.25582307,0.489566563
Zamfara,NGA,10312979,2020,all_age,3926873.373,3926873.373,0.322874369,0.138707529,0.305965889,0.55900242
Ebonyi,NGA,10313027,2020,all_age,3366114.155,3366114.155,0.323711403,0.140972817,0.308883614,0.580393493
Ogun,NGA,10313043,2020,all_age,12587318.63,12587318.63,0.282178465,0.150733231,0.272252702,0.449601767
Federal Capital Territory,NGA,10313058,2020,all_age,6388804.922,6388804.922,0.281271878,0.119143794,0.264999888,0.516293674
Abia,NGA,10313078,2020,all_age,5015704.202,5015704.202,0.310694633,0.141600062,0.299931324,0.52214381
Osun,NGA,10313126,2020,all_age,4559957.961,4559957.961,0.330353004,0.180869568,0.313878687,0.552478603
Anambra,NGA,10313334,2020,all_age,7215133.805,7215133.805,0.205478016,0.091629701,0.196421823,0.383339024
Delta,NGA,10313483,2020,all_age,4382780.112,4382780.112,0.248107131,0.102434829,0.235619127,0.465169181
Oyo,NGA,10313522,2020,all_age,5991929.12,5991929.12,0.311782534,0.161722311,0.300246881,0.520600844
Plateau,NGA,10313750,2020,all_age,12656645.05,12656645.05,0.295203426,0.160598495,0.275389937,0.501523192
Akwa Ibom,NGA,10313817,2020,all_age,2603483.948,2603483.948,0.313101399,0.147616186,0.306641687,0.541009268
Lagos,NGA,10313859,2020,all_age,6095812.236,6095812.236,0.175918148,0.084036609,0.167696449,0.319737838
Gombe,NGA,10313923,2020,all_age,3272938.967,3272938.967,0.368225964,0.186008335,0.345045518,0.619987792
Kwara,NGA,10314245,2020,all_age,3099312.802,3099312.802,0.319510015,0.162197683,0.310086518,0.541208225
Ekiti,NGA,10314343,2020,all_age,1777387.85,1777387.85,0.329323494,0.163652328,0.317162981,0.547610619
Yobe,NGA,10314496,2020,all_age,4168445.071,4168445.071,0.291662219,0.136149696,0.276848615,0.520780499
Kebbi,NGA,10314662,2020,all_age,4826325.751,4826325.751,0.40621681,0.187668619,0.389057224,0.66605722
Cross River,NGA,10314810,2020,all_age,2553800.675,2553800.675,0.298454628,0.148412042,0.288907336,0.484182673
Nasarawa,NGA,10314878,2020,all_age,5750610.93,5750610.93,0.280371459,0.137918526,0.271575864,0.473577995
Katsina,NGA,10314910,2020,all_age,9572099.069,9572099.069,0.352259929,0.158701507,0.337532133,0.64965408
Benue,NGA,10314912,2020,all_age,9877229.64,9877229.64,0.266852963,0.130678641,0.255771899,0.46947057
Kaduna,NGA,10315174,2020,all_age,10074487.91,10074487.91,0.390917909,0.213320445,0.385320461,0.621440783
Kogi,NGA,10315316,2020,all_age,3064340.409,3064340.409,0.312678427,0.158563668,0.301406276,0.524872912
Imo,NGA,10315365,2020,all_age,10890498.52,10890498.52,0.284959071,0.121487298,0.275508556,0.509241737
Sokoto,NGA,10315512,2020,all_age,6866582.454,6866582.454,0.310183509,0.133726953,0.292537134,0.579334715
Enugu,NGA,10315516,2020,all_age,5043547.319,5043547.319,0.238390362,0.111511462,0.222561051,0.44136221
Niger,NGA,10315577,2020,all_age,11167561.64,11167561.64,0.361861761,0.194362906,0.348587324,0.61528869
Bauchi,NGA,10315631,2020,all_age,6661590.889,6661590.889,0.400463555,0.234589774,0.381397211,0.663589341
Jigawa,NGA,10315654,2020,all_age,5522636.262,5522636.262,0.383099768,0.186392816,0.36270185,0.717649682
Rivers,NGA,10315660,2020,all_age,4215112.622,4215112.622,0.235989777,0.100720018,0.224751978,0.434073957
Taraba,NGA,10315664,2020,all_age,8005021.181,8005021.181,0.30691076,0.175442907,0.296913122,0.520561376
Ondo,NGA,10315731,2020,all_age,3735301.715,3735301.715,0.309242231,0.148327709,0.293927765,0.51556876
Adamawa,NGA,10315851,2020,all_age,3509909.079,3509909.079,0.283043618,0.144686142,0.276893238,0.501184517
Borno,NGA,10316414,2020,all_age,4558711.608,4558711.608,0.289265163,0.13335647,0.275433309,0.53085981
Edo,NGA,10312855,2021,all_age,3819171.444,3819171.444,0.246923282,0.104096784,0.233392898,0.419073708
Kano,NGA,10312921,2021,all_age,16881861.75,16881861.75,0.39791712,0.186044593,0.374650442,0.715334114
Bayelsa,NGA,10312967,2021,all_age,803945.5828,803945.5828,0.257051637,0.098332349,0.248012053,0.476140482
Zamfara,NGA,10312979,2021,all_age,3956280.133,3956280.133,0.317317451,0.135887197,0.301040112,0.551803423
Ebonyi,NGA,10313027,2021,all_age,3421663.128,3421663.128,0.317457761,0.138335544,0.302351485,0.570290098
Ogun,NGA,10313043,2021,all_age,13335223.11,13335223.11,0.279885235,0.150135676,0.270238958,0.444580616
Federal Capital Territory,NGA,10313058,2021,all_age,6895767.451,6895767.451,0.269435816,0.114008854,0.254176397,0.499385136
Abia,NGA,10313078,2021,all_age,5139675.713,5139675.713,0.299449093,0.135522738,0.287720201,0.504657203
Osun,NGA,10313126,2021,all_age,4594427.791,4594427.791,0.326456266,0.178431714,0.309871006,0.546389021
Anambra,NGA,10313334,2021,all_age,7367363.889,7367363.889,0.199669969,0.088710533,0.190434428,0.373029075
Delta,NGA,10313483,2021,all_age,4367407.891,4367407.891,0.242314442,0.099723594,0.230002408,0.456310178
Oyo,NGA,10313522,2021,all_age,5958569.182,5958569.182,0.311362429,0.162073785,0.300352638,0.518819855
Plateau,NGA,10313750,2021,all_age,13536429.53,13536429.53,0.286470019,0.155414042,0.266672952,0.487564306
Akwa Ibom,NGA,10313817,2021,all_age,2524548.757,2524548.757,0.300317071,0.140926263,0.293641114,0.523844803
Lagos,NGA,10313859,2021,all_age,5920185.242,5920185.242,0.1748686,0.083775164,0.166778831,0.317097456
Gombe,NGA,10313923,2021,all_age,3324419.041,3324419.041,0.359297386,0.180623891,0.335774398,0.608273664
Kwara,NGA,10314245,2021,all_age,3129073.288,3129073.288,0.311990465,0.157817359,0.302256954,0.532638067
Ekiti,NGA,10314343,2021,all_age,1735484.83,1735484.83,0.324366555,0.161160079,0.310909727,0.540802749
Yobe,NGA,10314496,2021,all_age,4289173.861,4289173.861,0.288691435,0.134607725,0.27389673,0.516454267
Kebbi,NGA,10314662,2021,all_age,4915995.618,4915995.618,0.402891185,0.185892779,0.385435905,0.66210619
Cross River,NGA,10314810,2021,all_age,2512717.132,2512717.132,0.288843388,0.143598827,0.278447307,0.47104097
Nasarawa,NGA,10314878,2021,all_age,6082488.175,6082488.175,0.274143434,0.13496951,0.265083678,0.464269105
Katsina,NGA,10314910,2021,all_age,9828293.761,9828293.761,0.349253502,0.157126462,0.334573842,0.644902751
Benue,NGA,10314912,2021,all_age,10269099.82,10269099.82,0.257196632,0.126450567,0.247008681,0.454316673
Kaduna,NGA,10315174,2021,all_age,10317623.92,10317623.92,0.381740788,0.207162212,0.375096312,0.609197034
Kogi,NGA,10315316,2021,all_age,3032892.548,3032892.548,0.301812043,0.153078171,0.291168737,0.509807108
Imo,NGA,10315365,2021,all_age,11432289.67,11432289.67,0.27521857,0.117128656,0.265066395,0.495284945
Sokoto,NGA,10315512,2021,all_age,7097741.035,7097741.035,0.308234654,0.132682602,0.290475235,0.576081141
Enugu,NGA,10315516,2021,all_age,5119759.868,5119759.868,0.231187282,0.107766324,0.216448115,0.429104297
Niger,NGA,10315577,2021,all_age,11764436.17,11764436.17,0.351524121,0.186703627,0.337652942,0.599304414
Bauchi,NGA,10315631,2021,all_age,6782048.643,6782048.643,0.395595463,0.231102439,0.376758354,0.657783828
Jigawa,NGA,10315654,2021,all_age,5589193.955,5589193.955,0.382113832,0.185908193,0.361787482,0.716023896
Rivers,NGA,10315660,2021,all_age,4134510.249,4134510.249,0.227660639,0.096341122,0.216899785,0.422092135
Taraba,NGA,10315664,2021,all_age,8510436.861,8510436.861,0.299882889,0.171814544,0.289459621,0.508992812
Ondo,NGA,10315731,2021,all_age,3758514.772,3758514.772,0.303979653,0.145794204,0.288761872,0.508071776
Adamawa,NGA,10315851,2021,all_age,3505241.562,3505241.562,0.274242452,0.139675375,0.267444884,0.489030481
Borno,NGA,10316414,2021,all_age,4560696.488,4560696.488,0.288459165,0.133150009,0.274869103,0.528767359
Edo,NGA,10312855,2022,all_age,3823460.578,3823460.578,0.246470468,0.10450214,0.232833588,0.41742836
Kano,NGA,10312921,2022,all_age,17385669.13,17385669.13,0.394088104,0.184105172,0.370967741,0.709973371
Bayelsa,NGA,10312967,2022,all_age,767250.989,767250.989,0.249691144,0.095781443,0.240966884,0.463261615
Zamfara,NGA,10312979,2022,all_age,3989894.082,3989894.082,0.311834271,0.133148378,0.29611222,0.544478524
Ebonyi,NGA,10313027,2022,all_age,3476151.849,3476151.849,0.31136392,0.135696848,0.296006689,0.559892629
Ogun,NGA,10313043,2022,all_age,14091373.39,14091373.39,0.280350004,0.15137722,0.270781945,0.44303035
Federal Capital Territory,NGA,10313058,2022,all_age,7420857.66,7420857.66,0.261820604,0.110661565,0.24683257,0.488035265
Abia,NGA,10313078,2022,all_age,5260751.933,5260751.933,0.291565033,0.131445393,0.278864018,0.492744169
Osun,NGA,10313126,2022,all_age,4627587.795,4627587.795,0.324539089,0.177619972,0.308171838,0.542548451
Anambra,NGA,10313334,2022,all_age,7515504.141,7515504.141,0.193558185,0.085548089,0.184449394,0.362076788
Delta,NGA,10313483,2022,all_age,4353084.673,4353084.673,0.238921201,0.098342827,0.226605568,0.450574404
Oyo,NGA,10313522,2022,all_age,5927419.201,5927419.201,0.312606292,0.163628789,0.30251024,0.519324394
Plateau,NGA,10313750,2022,all_age,14434607.16,14434607.16,0.277008483,0.149761306,0.258047842,0.472300298
Akwa Ibom,NGA,10313817,2022,all_age,2451334.719,2451334.719,0.289708215,0.135586112,0.281682374,0.509729774
Lagos,NGA,10313859,2022,all_age,5757535.657,5757535.657,0.17328688,0.083151498,0.165312409,0.313648504
Gombe,NGA,10313923,2022,all_age,3378252.256,3378252.256,0.35168597,0.176124893,0.328222261,0.597993601
Kwara,NGA,10314245,2022,all_age,3157482.828,3157482.828,0.307417598,0.155431028,0.297248137,0.526672503
Ekiti,NGA,10314343,2022,all_age,1696048.764,1696048.764,0.322794067,0.160882515,0.309113165,0.537416541
Yobe,NGA,10314496,2022,all_age,4414508.853,4414508.853,0.284760947,0.132467684,0.270188687,0.510781291
Kebbi,NGA,10314662,2022,all_age,5008209.933,5008209.933,0.40258577,0.186264504,0.385252179,0.660641777
Cross River,NGA,10314810,2022,all_age,2473970.494,2473970.494,0.279534892,0.139349589,0.268595121,0.458817538
Nasarawa,NGA,10314878,2022,all_age,6419571.111,6419571.111,0.271548204,0.133848325,0.262508232,0.45999927
Katsina,NGA,10314910,2022,all_age,10094176.23,10094176.23,0.347745643,0.156513403,0.333287491,0.641909781
Benue,NGA,10314912,2022,all_age,10658319.89,10658319.89,0.249753756,0.12327299,0.239986753,0.442151218
Kaduna,NGA,10315174,2022,all_age,10563578.95,10563578.95,0.374466963,0.202544444,0.367376739,0.599005534
Kogi,NGA,10315316,2022,all_age,3003144.819,3003144.819,0.296320108,0.150625987,0.28617789,0.500778873
Imo,NGA,10315365,2022,all_age,11975480.7,11975480.7,0.268799931,0.114181504,0.258912475,0.485404694
Sokoto,NGA,10315512,2022,all_age,7336038.734,7336038.734,0.30649586,0.131802199,0.288634115,0.573006681
Enugu,NGA,10315516,2022,all_age,5192292.503,5192292.503,0.226911528,0.105949692,0.212381798,0.420755771
Niger,NGA,10315577,2022,all_age,12371171.3,12371171.3,0.341865572,0.179557626,0.32744399,0.583281584
Bauchi,NGA,10315631,2022,all_age,6908583.947,6908583.947,0.39143288,0.228152057,0.372125373,0.652609865
Jigawa,NGA,10315654,2022,all_age,5663413.581,5663413.581,0.383208765,0.186958929,0.363181015,0.71632225
Rivers,NGA,10315660,2022,all_age,4058165.399,4058165.399,0.220121578,0.092387194,0.20994369,0.410624596
Taraba,NGA,10315664,2022,all_age,9029244.15,9029244.15,0.29063574,0.166681596,0.279759281,0.494345687
Ondo,NGA,10315731,2022,all_age,3780339.892,3780339.892,0.304076933,0.146353447,0.289056263,0.506634235
Adamawa,NGA,10315851,2022,all_age,3502074.384,3502074.384,0.266774424,0.135333218,0.259914472,0.478297933
Borno,NGA,10316414,2022,all_age,4568761.883,4568761.883,0.287124972,0.132706023,0.273741456,0.52580898
Edo,NGA,10312855,2023,all_age,3827954.456,3827954.456,0.24505659,0.104793504,0.231569698,0.414843118
Kano,NGA,10312921,2023,all_age,17905260.82,17905260.82,0.389756389,0.181710961,0.366645956,0.702493523
Bayelsa,NGA,10312967,2023,all_age,732395.1084,732395.1084,0.242511445,0.093373727,0.233806002,0.450424752
Zamfara,NGA,10312979,2023,all_age,4023982.513,4023982.513,0.306441785,0.130731348,0.292069969,0.537202366
Ebonyi,NGA,10313027,2023,all_age,3531878.697,3531878.697,0.304317849,0.132639225,0.288799207,0.547347828
Ogun,NGA,10313043,2023,all_age,14892765.98,14892765.98,0.27802818,0.150388702,0.268844858,0.438256677
Federal Capital Territory,NGA,10313058,2023,all_age,7987661.312,7987661.312,0.253999369,0.107345438,0.23861775,0.475577551
Abia,NGA,10313078,2023,all_age,5385079.313,5385079.313,0.282976759,0.1268661,0.271314748,0.479959455
Osun,NGA,10313126,2023,all_age,4661305.433,4661305.433,0.320134535,0.17542385,0.304023129,0.535089841
Anambra,NGA,10313334,2023,all_age,7667583.76,7667583.76,0.187691973,0.082563349,0.178698756,0.351234402
Delta,NGA,10313483,2023,all_age,4339235.528,4339235.528,0.234816429,0.096754397,0.222920779,0.443622472
Oyo,NGA,10313522,2023,all_age,5897124.088,5897124.088,0.309859326,0.162623051,0.300313658,0.514548617
Plateau,NGA,10313750,2023,all_age,15396674.61,15396674.61,0.267743051,0.144930782,0.248782945,0.456697748
Akwa Ibom,NGA,10313817,2023,all_age,2380511.761,2380511.761,0.280002005,0.130960928,0.272036012,0.49485685
Lagos,NGA,10313859,2023,all_age,5599752.792,5599752.792,0.171292722,0.082216102,0.16350864,0.30896209
Gombe,NGA,10313923,2023,all_age,3433146.803,3433146.803,0.344622753,0.172442043,0.32245121,0.587949749
Kwara,NGA,10314245,2023,all_age,3186444.052,3186444.052,0.30233118,0.152844785,0.291977908,0.519474178
Ekiti,NGA,10314343,2023,all_age,1657609.43,1657609.43,0.318317821,0.158833195,0.303505134,0.531339993
Yobe,NGA,10314496,2023,all_age,4544077.075,4544077.075,0.280113817,0.130390096,0.265580868,0.503738502
Kebbi,NGA,10314662,2023,all_age,5102284.526,5102284.526,0.401333485,0.186332713,0.384161572,0.65864575
Cross River,NGA,10314810,2023,all_age,2436118.769,2436118.769,0.270854533,0.135593158,0.260624637,0.447803143
Nasarawa,NGA,10314878,2023,all_age,6776069.431,6776069.431,0.268369296,0.132289414,0.259662369,0.454624415
Katsina,NGA,10314910,2023,all_age,10367414.47,10367414.47,0.345350707,0.155022378,0.331755525,0.637785335
Benue,NGA,10314912,2023,all_age,11064391.48,11064391.48,0.243385944,0.120036102,0.23422193,0.431373531
Kaduna,NGA,10315174,2023,all_age,10815951.84,10815951.84,0.36617779,0.19798994,0.357447487,0.587413952
Kogi,NGA,10315316,2023,all_age,2974180.375,2974180.375,0.291953214,0.148563123,0.281822628,0.492807532
Imo,NGA,10315365,2023,all_age,12545858.08,12545858.08,0.262715545,0.111585733,0.252022829,0.474936744
Sokoto,NGA,10315512,2023,all_age,7582462.236,7582462.236,0.304092884,0.130776028,0.28736118,0.569667643
Enugu,NGA,10315516,2023,all_age,5266984.939,5266984.939,0.221447812,0.10318411,0.20687365,0.411183985
Niger,NGA,10315577,2023,all_age,13010388.96,13010388.96,0.332128949,0.172808046,0.319028571,0.565850838
Bauchi,NGA,10315631,2023,all_age,7037678.791,7037678.791,0.386139848,0.22393981,0.366833415,0.646240852
Jigawa,NGA,10315654,2023,all_age,5739098.441,5739098.441,0.382785966,0.18730607,0.362302116,0.714037062
Rivers,NGA,10315660,2023,all_age,3983641.253,3983641.253,0.212638825,0.08862533,0.202671758,0.399456493
Taraba,NGA,10315664,2023,all_age,9580451.895,9580451.895,0.281101847,0.161016546,0.269364701,0.478765024
Ondo,NGA,10315731,2023,all_age,3802621.786,3802621.786,0.302797485,0.146588523,0.288264037,0.503317398
Adamawa,NGA,10315851,2023,all_age,3499661.744,3499661.744,0.259942389,0.131764028,0.253154035,0.468326346
Borno,NGA,10316414,2023,all_age,4577623.044,4577623.044,0.283595811,0.131403127,0.270295304,0.519064448